Workbook
Name Chemical_Comp._A105_A350: Tablo11[]
Name Fitting_TAblosu: Fitting_Flanş[]
Name MSS_SP_44_Pressure_Temperature_Ratings: Tablo48[]
Name MSS_SP_44_Ratings: Tablo48[]
Name Chemical_Comp._A105_A350: Tablo11[]
Name Fitting_TAblosu: Fitting_Flanş[]
Name MSS_SP_44_Pressure_Temperature_Ratings: Tablo48[]
Name MSS_SP_44_Ratings: Tablo48[]
Name ASTM_A350_LF2: 'Low Temp. Pipe&Fittings'!$AW$52:$AW$54

Sheet Et Kalınlığı Hesaplama
R1: 2 | S1: 3
B2: Et Kalınlığı Hesaplama | R2: =CHOOSE(R1,"Station","Pipeline","Pig Or Valve Station") | S2: =CHOOSE(S1,0.4,0.5, 0.6,0.72,0.8)
B3: Corr. All. | C3: 0 | D3: (mm)
B4: S= | C4: 42100 | D4: (psi) | E4: =VLOOKUP(C4,'Boru SMYS Tablosu'!$D$4:H16,5,0) | F4: (mpa)
B5: D= | C5: 4" | D5: (inch) | E5: =VLOOKUP(C5,Tablo2[[ÇAP inch]:[ÇAP mm]],2,0) | F5: (mm)
B6: F= | C6: =$S$2
B7: E= | C7: 1
B8: T= | C8: 1
B9: P= | C9: 75 | D9: (bar) | E9: =C9/10 | F9: (mpa)
B10: ="Required Pipe Thickness (Botaş) for"&"-"&R2
B11: F=0,72 | C11: F=0,60 | D11: F=0,50 | E11: F=0,50 | F11: F=0,50
B12: =VLOOKUP(C5,Tablo244[],6,0) | C12: =VLOOKUP(C5,Tablo244[],8,0) | D12: =VLOOKUP(C5,Tablo244[],10,0) | E12: =VLOOKUP(C5,Tablo244[],12,0) | F12: =VLOOKUP(C5,Tablo244[],14,0)
B13: Required Pipe Thickness (ASME B31.8)
B14: =IF(R1=2,(E9*E5/(2*E4*C6*C7*C8)),(IF(E5<168.3,((E9*E5/(2*E4*C6*C7*C8))+C3)*1.125, (E9*E5/(2*E4*C6*C7*C8))+C3))) | F14: (mm)
B15: Selected Pipe Thickness ASME 36.10
B16: =VLOOKUP('ASME B36.10'!$B$48,'ASME B36.10'!$B$50:AU84,'ASME B36.10'!$A$48,FALSE) | F16: (mm) | G16: NOTE:
B17: Negative Tolerans | D17: =B16*0.875 | G17: =IF(R1=2,"Please Choose F=0,5 - 0,6 - 0,72 or 0,8","Please Choose F 0,5")
G18: =IF(R1=1,IF(S1>2,"Wrong F Factor",""),IF(R1=3,IF(S1>2,"Wrong F Factor",""),""))

Sheet Boru Seçim-Kontrol Aracı
E1: Boru akma değerleri Mpa olarak alındığında TEST Basıncı | T1: BOTAŞ | U1: 2 | W1: 1
A2: Kontrol Edilecek Boru: | D2: BOTAŞ | S2: Hidrostatik Test Hacmi | T2: ASME B36.10 | U2: =CHOOSE(U1,0.4,0.5, 0.6,0.72,0.8) | W2: =CHOOSE(W1,"Station","Pipeline") | AA2: Çap | AB2: Uzunluk | AC2: Hacim | AD2: Sütun1 | AF2: 0.4
E3: =20*G24*E10/E8 | F3: =20*G24*F10/E8 | G3: =20*G24*G10/E8 | H3: =20*G24*H10/E8 | I3: =20*G24*I10/E8 | J3: Bar | AA3: =E8 | AB3: 3217.6 | AC3: =3.14*POWER((AA3-2*E10)/1000,2)*AB3/4 | AD3: m3 | AF3: 0.5
I4: Et Kalınlığı(mm) | J4: Manuel Hydro Test (Bar) | AA4: =E8 | AB4: 333.25 | AC4: =3.14*POWER((AA4-2*F10)/1000,2)*AB4/4 | AD4: m3 | AF4: 0.6
I5: 3.6 | J5: =2*J13*J10/J8/14.50733 | AA5: =E8 | AB5: 0 | AC5: =3.14*POWER((AA5-2*G10)/1000,2)*AB5/4 | AD5: m3 | AF5: 0.72
B6: BORU SEÇİM ARACI | E6: OTOMATİK SEÇİM | J6: EL İLE SEÇİM | M6: Hot-Tap Sınır Basıncı (Bar) (Hot-Tap Şartnamesine Göre) | AC6: =SUM(AC3:AC5) | AF6: 0.8
B7: ÇAP (inch) | E7: 48" | J7: 18" | M7: 0,72 (Hat) | N7: 0,6 (Hat) | O7: 0,5 (Hat)
B8: ÇAP (mm) | E8: =VLOOKUP(E7,Tablo2[[ÇAP inch]:[MALZEME]],2,0) | J8: =VLOOKUP(J7,Tablo2[[ÇAP inch]:[MALZEME]],2,0) | M8: =IF(E10>0,2*(E10-2.4)*E24*0.72/E8/14.50733,0) | N8: =IF(F10>0,2*(F10-2.4)*E24*0.6/E8/14.50733,0) | O8: =IF(G10>0,2*(G10-2.4)*E24*0.5/E8/14.50733,0) | Q8: Botaş Otomatik | S8: =2*E24*(E22-2.4)*0.72/E8/14.50733
B9: Design Basıncı | E9: 0,72 (Hat) | F9: 0,6 (Hat) | G9: 0,5 (Hat) | H9: 0,5 (İst.) | I9: 0,5 (İst.) | J9: 0.72 | M9: =M8*0.75 | N9: =N8*0.75 | O9: =O8*0.75 | Q9: Shell document | S9: *Minimum et kalınlığına göre (Eksi Et kalınlığı Toleransı Dahilinde)
B10: Et Kalınlığı (mm) | E10: =IF(D2="BOTAŞ",VLOOKUP(E8,Tablo244[[ÇAP mm]:[Max Bas. Bar4]],5, 0),VLOOKUP(E8,Tablo2[[ÇAP mm]:[Max Bas. Bar4]],5, 0)) | F10: =IF(D2="BOTAŞ",VLOOKUP(E8,Tablo244[[ÇAP mm]:[Max Bas. Bar4]],7, 0),VLOOKUP(E8,Tablo2[[ÇAP mm]:[Max Bas. Bar4]],7, 0)) | G10: =IF(D2="BOTAŞ",VLOOKUP(E8,Tablo244[[ÇAP mm]:[Max Bas. Bar4]],9, 0),VLOOKUP(E8,Tablo2[[ÇAP mm]:[Max Bas. Bar4]],9, 0)) | H10: =IF(D2="BOTAŞ",VLOOKUP(E8,Tablo244[[ÇAP mm]:[Max Bas. Bar4]],11, 0),VLOOKUP(E8,Tablo2[[ÇAP mm]:[Max Bas. Bar4]],11, 0)) | I10: =IF(D2="BOTAŞ",VLOOKUP(E8,Tablo244[[ÇAP mm]:[Max Bas. Bar5]],13, 0),VLOOKUP(E8,Tablo2[[ÇAP mm]:[Max Bas. Bar5]],13,0)) | J10: 16.66 | M10: =IF(J10>0,2*(J10-2.4)*J24*0.72/J8/14.50733,0) | N10: =IF(J10>0,2*(J10-2.4)*J24*0.6/J8/14.50733,0) | O10: =IF(J10>0,2*(J10-2.4)*10*K24*0.5/J8,0) | Q10: Manuel
B11: Üretim Yöntemi | E11: =IF(E8>323.9,"SAWH",IF(E8>60.3,"ERW HFW","SMLS")) | J11: SAWH
B12: Malzeme Kalitesi | E12: =VLOOKUP(E8,Tablo2[[#All],[ÇAP mm]:[Max Bas. Bar4]],2,0) | J12: X65 | Z12: 0.4
B13: SMYS (Psi) | E13: =VLOOKUP(E12,'Boru Kontrol Tablosu ASME'!D21:N47,2,0) | J13: =VLOOKUP(J12,'Boru SMYS Tablosu'!B5:D16,3,0) | Z13: 0.5
B14: Kimyasal Analiz | E14: C | G14: Max % | H14: =IF(E12='Boru Kontrol Tablosu ASME'!D30,0.18,IF(E12='Boru Kontrol Tablosu ASME'!D31,0.18,IF(E12='Boru Kontrol Tablosu ASME'!D33,0.18,IF(E12='Boru Kontrol Tablosu ASME'!D35,0.18,IF(E12="X56",0.18,IF(E12='Boru Kontrol Tablosu ASME'!D36,0.12,IF(E12='Boru Kontrol Tablosu ASME'!D40,0.12,IF(E12="X70",0.12,IF(E12="X80",0.12,IF(E12="X90",0.1,IF(E12="X100",0.1,IF(E12="X120",0.1,IF(E12="GRADE A",0.22,"hata"))))))))))))) | J14: Max % | K14: =IF(J12='Boru Kontrol Tablosu ASME'!D30,0.18,IF(J12='Boru Kontrol Tablosu ASME'!D31,0.18,IF(J12='Boru Kontrol Tablosu ASME'!D33,0.18,IF(J12='Boru Kontrol Tablosu ASME'!D35,0.18,IF(J12="X56",0.18,IF(J12='Boru Kontrol Tablosu ASME'!D36,0.12,IF(J12='Boru Kontrol Tablosu ASME'!D40,0.12,IF(J12="X70",0.12,IF(J12="X80",0.12,IF(J12="X90",0.1,IF(J12="X100",0.1,IF(J12="X120",0.1,IF(J12="GRADE A",0.22,"hata"))))))))))))) | Z14: 0.6
E15: Mn | G15: Max % | H15: =IF(E12='Boru Kontrol Tablosu ASME'!D30,1.2,IF(E12='Boru Kontrol Tablosu ASME'!D31,1.3,IF(E12='Boru Kontrol Tablosu ASME'!D33,1.3,IF(E12='Boru Kontrol Tablosu ASME'!D35,1.4,IF(E12="X56",1.4,IF(E12='Boru Kontrol Tablosu ASME'!D36,1.6,IF(E12='Boru Kontrol Tablosu ASME'!D40,1.6,IF(E12="X70",1.7,IF(E12="X80",1.85,IF(E12="X90",1.9,IF(E12="X100",1.95,IF(E12="X120",2.0,IF(E12="GRADE A",0.9,"hata"))))))))))))) | J15: Max % | K15: =IF(J12='Boru Kontrol Tablosu ASME'!D30,1.2,IF(J12='Boru Kontrol Tablosu ASME'!D31,1.3,IF(J12='Boru Kontrol Tablosu ASME'!D33,1.3,IF(J12='Boru Kontrol Tablosu ASME'!D35,1.4,IF(J12="X56",1.4,IF(J12='Boru Kontrol Tablosu ASME'!D36,1.6,IF(J12='Boru Kontrol Tablosu ASME'!D40,1.6,IF(J12="X70",1.7,IF(J12="X80",1.85,IF(J12="X90",1.9,IF(J12="X100",1.95,IF(J12="X120",2.0,IF(J12="GRADE A",0.9,"hata"))))))))))))) | Z15: 0.72
E16: P | G16: Max % | H16: 0.025 | J16: Max % | K16: 0.025 | Z16: 0.8
E17: S | G17: Max % | H17: 0.01 | J17: Max % | K17: 0.01
E18: Nb | G18: =IF(H18=0.05,"Max %", "Min%-Max%") | H18: =IF(E12='Boru Kontrol Tablosu ASME'!D30,0.05,IF(E12='Boru Kontrol Tablosu ASME'!D31,0.05,IF(E12='Boru Kontrol Tablosu ASME'!D33,0.05,"0,015-0,050"))) | J18: =IF(K18=0.05,"Max %", "Min%-Max%") | K18: =IF(J12='Boru Kontrol Tablosu ASME'!D30,0.05,IF(J12='Boru Kontrol Tablosu ASME'!D31,0.05,IF(J12='Boru Kontrol Tablosu ASME'!D33,0.05,"0,015-0,050")))
E19: V | G19: Max % | H19: 0.05 | J19: Max % | K19: 0.05
E20: Ti | G20: Max % | H20: 0.04 | J20: Max % | K20: 0.04
E21: N | G21: Max % | H21: 0.009 | J21: Max % | K21: 0.009
B22: Et Kalınlığı Toleransı | D22: Et Kalınlığı Min. (mm) | E22: =IF(E10<8.71,E10-0.04,IF(E10<12.71,E10-0.1,'Boru Seçim-Kontrol Aracı'!E10-0.15)) | F22: =IF(F10<8.71,F10-0.04,IF(F10<12.71,F10-0.1,'Boru Seçim-Kontrol Aracı'!F10-0.15)) | G22: =IF(G10<8.71,G10-0.04,IF(G10<12.71,G10-0.1,'Boru Seçim-Kontrol Aracı'!G10-0.15)) | H22: =IF(H10<8.71,H10-0.04,IF(H10<12.71,H10-0.1,'Boru Seçim-Kontrol Aracı'!H10-0.15)) | I22: =IF(I10<8.71,I10-0.04,IF(I10<12.71,I10-0.1,'Boru Seçim-Kontrol Aracı'!I10-0.15)) | J22: Et Kalınlığı Min. (mm) | K22: =IF(J10<8.71,J10-0.04,IF(J10<12.71,J10-0.1,'Boru Seçim-Kontrol Aracı'!J10-0.15)) | AA22: 35500
D23: Et Kalınlığı Max. (mm) | E23: =IF(E11="SMLS",IF(E10<4.01,E10+0.6,IF('Boru Seçim-Kontrol Aracı'!E10<25,'Boru Seçim-Kontrol Aracı'!E10*1.15,'Boru Seçim-Kontrol Aracı'!E10+3.7)),IF('Boru Seçim-Kontrol Aracı'!E10<5.01,'Boru Seçim-Kontrol Aracı'!E10+0.5,IF('Boru Seçim-Kontrol Aracı'!E10<15,'Boru Seçim-Kontrol Aracı'!E10*1.1,'Boru Seçim-Kontrol Aracı'!E10+1.5))) | F23: =IF(E11="SMLS",IF(F10<4.01,F10+0.6,IF('Boru Seçim-Kontrol Aracı'!F10<25,'Boru Seçim-Kontrol Aracı'!F10*1.15,'Boru Seçim-Kontrol Aracı'!F10+3.7)),IF('Boru Seçim-Kontrol Aracı'!F10<5.01,'Boru Seçim-Kontrol Aracı'!F10+0.5,IF('Boru Seçim-Kontrol Aracı'!F10<15,'Boru Seçim-Kontrol Aracı'!F10*1.1,'Boru Seçim-Kontrol Aracı'!F10+1.5))) | G23: =IF(E11="SMLS",IF(G10<4.01,G10+0.6,IF('Boru Seçim-Kontrol Aracı'!G10<25,'Boru Seçim-Kontrol Aracı'!G10*1.15,'Boru Seçim-Kontrol Aracı'!G10+3.7)),IF('Boru Seçim-Kontrol Aracı'!G10<5.01,'Boru Seçim-Kontrol Aracı'!G10+0.5,IF('Boru Seçim-Kontrol Aracı'!G10<15,'Boru Seçim-Kontrol Aracı'!G10*1.1,'Boru Seçim-Kontrol Aracı'!G10+1.5))) | H23: =IF(E11="SMLS",IF(H10<4.01,H10+0.6,IF('Boru Seçim-Kontrol Aracı'!H10<25,'Boru Seçim-Kontrol Aracı'!H10*1.15,'Boru Seçim-Kontrol Aracı'!H10+3.7)),IF('Boru Seçim-Kontrol Aracı'!H10<5.01,'Boru Seçim-Kontrol Aracı'!H10+0.5,IF('Boru Seçim-Kontrol Aracı'!H10<15,'Boru Seçim-Kontrol Aracı'!H10*1.1,'Boru Seçim-Kontrol Aracı'!H10+1.5))) | I23: =IF(E11="SMLS",IF(I10<4.01,I10+0.6,IF('Boru Seçim-Kontrol Aracı'!I10<25,'Boru Seçim-Kontrol Aracı'!I10*1.15,'Boru Seçim-Kontrol Aracı'!I10+3.7)),IF('Boru Seçim-Kontrol Aracı'!I10<5.01,'Boru Seçim-Kontrol Aracı'!I10+0.5,IF('Boru Seçim-Kontrol Aracı'!I10<15,'Boru Seçim-Kontrol Aracı'!I10*1.1,'Boru Seçim-Kontrol Aracı'!I10+1.5))) | J23: Et Kalınlığı Max. (mm) | K23: =IF(J11="SMLS",IF(J10<4.01,J10+0.6,IF('Boru Seçim-Kontrol Aracı'!J10<25,'Boru Seçim-Kontrol Aracı'!J10*1.15,'Boru Seçim-Kontrol Aracı'!J10+3.7)),IF('Boru Seçim-Kontrol Aracı'!J10<5.01,'Boru Seçim-Kontrol Aracı'!J10+0.5,IF('Boru Seçim-Kontrol Aracı'!J10<15,'Boru Seçim-Kontrol Aracı'!J10*1.1,'Boru Seçim-Kontrol Aracı'!J10+1.5))) | AA23: 42100
B24: Yield Min. (Psi-Mpa) | E24: =VLOOKUP(E12,'Boru SMYS Tablosu'!$B$5:$N$16,3,0) | G24: =VLOOKUP(E12,'Boru SMYS Tablosu'!$B$5:$N$16,7,0) | J24: =VLOOKUP(J12,'Boru SMYS Tablosu'!$B$5:$N$16,3,0) | K24: =VLOOKUP(J12,'Boru SMYS Tablosu'!$B$5:$N$16,7,0) | AA24: 46400
B25: Yield Max. (Psi-Mpa) | E25: =VLOOKUP(E12,'Boru SMYS Tablosu'!$B$5:$N$16,8,0) | G25: =VLOOKUP(E12,'Boru SMYS Tablosu'!$B$5:$N$16,9,0) | J25: =VLOOKUP(J12,'Boru SMYS Tablosu'!$B$5:$N$16,8,0) | K25: =VLOOKUP(J12,'Boru SMYS Tablosu'!$B$5:$N$16,9,0) | Q25: =F10*1.25 | AA25: 52200
B26: Tensile Min (Psi-Mpa) | E26: =VLOOKUP(E13,'Boru SMYS Tablosu'!$D$5:$N$16,8,0) | G26: =VLOOKUP(E13,'Boru SMYS Tablosu'!$D$5:$N$16,9,0) | J26: =VLOOKUP(J13,'Boru SMYS Tablosu'!$D$5:$N$16,8,0) | K26: =VLOOKUP(J13,'Boru SMYS Tablosu'!$D$5:$N$16,9,0) | Q26: =F10*0.75 | AA26: 56600
B27: Tensile Max (Psi-Mpa) | E27: =VLOOKUP(E13,'Boru SMYS Tablosu'!$D$5:$N$16,10,0) | G27: =VLOOKUP(E13,'Boru SMYS Tablosu'!$D$5:$N$16,11,0) | J27: =VLOOKUP(J13,'Boru SMYS Tablosu'!$D$5:$N$16,10,0) | K27: =VLOOKUP(J13,'Boru SMYS Tablosu'!$D$5:$N$16,11,0) | M27: API 5L Test Pressure | N27: API 5L Test Pressure | AA27: 60200
B28: Hydro Test Basıncı Max.(Bar) | E28: =2*E13*E10/E8/14.50733 | F28: =2*E13*F10/E8/14.50733 | G28: =2*E13*G10/E8/14.50733 | H28: =2*E13*H10/E8/14.50733 | I28: =2*E13*I10/E8/14.50733 | J28: =2*J13*J10/J8/14.50733 | M28: =H28*0.9 | N28: =I28*0.9 | AA28: 65300
B29: Hydro Test Basıncı Min.(Bar) | E29: =IF(E28=0,"YOK",E28-2) | F29: =IF(F28=0,"YOK",F28-2) | G29: =IF(G28=0,"YOK",G28-2) | H29: =IF(H28=0,"YOK",H28-2) | I29: =IF(I28=0,"YOK",I28-2) | J29: =J28-2 | AA29: 70300
B30: API 5L Standart Test Pressure (Bar) | E30: =IF(E12="GRADE B",0.6*2*E13*E10/E8/14.50733,IF(E8<219.2,0.75*2*E13*E10/E8/14.50733,IF(E8<508,0.85*2*E13*E10/E8/14.50733,0.9*2*E13*E10/E8/14.50733))) | F30: =IF(E12="GRADE B",0.6*2*E13*F10/E8/14.50733,IF(E8<219.2,0.75*2*E13*F10/E8/14.50733,IF(E8<508,0.85*2*E13*F10/E8/14.50733,0.9*2*E13*F10/E8/14.50733))) | G30: =IF(E12="GRADE B",0.6*2*E13*G10/E8/14.50733,IF(E8<219.2,0.75*2*E13*G10/E8/14.50733,IF(E8<508,0.85*2*E13*G10/E8/14.50733,0.9*2*E13*G10/E8/14.50733))) | H30: =IF(E12="GRADE B",0.6*2*E13*H10/E8/14.50733,IF(E8<219.2,0.75*2*E13*H10/E8/14.50733,IF(E8<508,0.85*2*E13*H10/E8/14.50733,0.9*2*E13*H10/E8/14.50733))) | I30: =IF(E12="GRADE B",0.6*2*E13*I10/E8/14.50733,IF(E8<219.2,0.75*2*E13*I10/E8/14.50733,IF(E8<508,0.85*2*E13*I10/E8/14.50733,0.9*2*E13*I10/E8/14.50733))) | J30: =IF(J12="GRADE B",0.6*2*J13*J10/J8/14.50733,IF(J8<219.2,0.75*2*J13*J10/J8/14.50733,IF(J8<508,0.85*2*J13*J10/J8/14.50733,0.9*2*J13*J10/J8/14.50733)))
B31: API 5L Alternative Test Pressure (Bar)
B32: Boru Çap Toleransları (mm) | E32: Boru Ucu Max. | F32: =IF(D2="BOTAŞ",VLOOKUP(E7,'Boru Kontrol Tablosu BOTAŞ'!B21:T53,16,0),VLOOKUP(E7,'Boru Kontrol Tablosu ASME'!B21:T53,16,0)) | G32: Boru Gövde Max | H32: =IF(D2="BOTAŞ",VLOOKUP(E7,'Boru Kontrol Tablosu BOTAŞ'!B21:T53,18,0),VLOOKUP(E7,'Boru Kontrol Tablosu ASME'!B21:T53,18,0)) | J32: =VLOOKUP(J7,'Boru Kontrol Tablosu ASME'!B21:T53,16,0) | K32: =VLOOKUP(J7,'Boru Kontrol Tablosu ASME'!B21:T53,18,0) | AA32: 80500
E33: Boru Ucu Min. | F33: =IF(D2="BOTAŞ",VLOOKUP(E7,'Boru Kontrol Tablosu BOTAŞ'!B21:T53,17,0),VLOOKUP(E7,'Boru Kontrol Tablosu ASME'!B21:T53,17,0)) | G33: Boru Gövde Min. | H33: =IF(D2="BOTAŞ",VLOOKUP(E7,'Boru Kontrol Tablosu BOTAŞ'!B21:T53,19,0),VLOOKUP(E7,'Boru Kontrol Tablosu ASME'!B21:T53,19,0)) | J33: =VLOOKUP(J7,'Boru Kontrol Tablosu ASME'!B22:T54,17,0) | K33: =VLOOKUP(J7,'Boru Kontrol Tablosu ASME'!B21:T53,19,0) | AA33: 90600
B34: Boru Çevre Toleransı (mm) | E34: Boru Ucu Max. | F34: =F32*3.141592 | G34: Boru Gövde Max | H34: =H32*3.141592 | J34: =J32*3.141592 | K34: =K32*3.141592 | AA34: 100100
E35: Boru Ucu Min. | F35: =F33*3.141592 | G35: Boru Gövde Min. | H35: =H33*3.141592 | J35: =J33*3.141592 | K35: =K33*3.141592 | AA35: 120400
B36: Ovalite (mm) | D36: Boru Ucu | E36: =VLOOKUP(E7,'Boru Kontrol Tablosu ASME'!B21:AI53,25,0) | F36: =VLOOKUP(E7,'Boru Kontrol Tablosu ASME'!B21:AI53,27,0) | G36: =VLOOKUP(E7,'Boru Kontrol Tablosu ASME'!B21:AG53,29,0) | H36: =VLOOKUP(E7,'Boru Kontrol Tablosu ASME'!B21:AG53,31,0) | J36: =IF(J8<60.3,0.45,IF(J8<168.4,IF(J8/J10<75,0.015*J8/2,"Anlaşma"),IF(J8<610.1,0.015*J8/2,IF(J8<1422,IF(J8/J10<75,0.01*J8/2,"Anlaşmaya Bağlı")))))
D37: Boru Gövde | E37: =VLOOKUP(E7,'Boru Kontrol Tablosu ASME'!B21:AI53,26,0) | F37: =VLOOKUP(E7,'Boru Kontrol Tablosu ASME'!B21:AI53,28,0) | G37: =VLOOKUP(E7,'Boru Kontrol Tablosu ASME'!B21:AG53,30,0) | H37: =VLOOKUP(E7,'Boru Kontrol Tablosu ASME'!B21:AG53,32,0) | J37: =IF(J8<60.3,0.6,IF(J8<168.4,IF(J8/J10<75,0.02*J8,"Anlaşmaya Bağlı"),IF(J8<610.1,0.02*J8,IF(J8<1422,IF(J8/J10<75,0.015*J8,"Anlaşmaya Bağlı")))))
B38: Minimum Uzama (mm) | D38: Malzeme (mm) | E38: =VLOOKUP(E7,'Boru Kontrol Tablosu ASME'!B21:AQ53,36,0) | F38: =VLOOKUP(E7,'Boru Kontrol Tablosu ASME'!B21:AQ53,38,0) | G38: =VLOOKUP(E7,'Boru Kontrol Tablosu ASME'!B21:AQ53,40,0) | H38: =VLOOKUP(E7,'Boru Kontrol Tablosu ASME'!B21:AR53,42,0) | I38: =VLOOKUP(E7,'Boru Kontrol Tablosu ASME'!B21:AS53,44,0) | J38: =1940*(POWER(IF(J10*38<485,ROUND(J10*38,-1),485),0.2))/POWER(K26,0.9)
D39: Kaynak | E39: 10 | F39: 10 | G39: 10 | H39: 10 | I39: 10 | J39: 10
B40: Radial Offset Max. (mm) | E40: =IF(E11="SAWH",IF(E10<15.01,1.5*0.75,IF(E10<25.01,0.1*0.75*E10,IF(E10>25.01,2.5*0.75,"HATA"))),"Değer Yok") | F40: =IF(E11="SAWH",IF(F10<15.01,1.5*0.75,IF(F10<25.01,0.1*0.75*F10,IF(F10>25.01,2.5*0.75,"HATA"))),"Değer Yok") | G40: =IF(E11="SAWH",IF(G10<15.01,1.5*0.75,IF(G10<25.01,0.1*0.75*G10,IF(G10>25.01,2.5*0.75,"HATA"))),"Değer Yok") | H40: =IF(E11="SAWH",IF(H10<15.01,1.5*0.75,IF(H10<25.01,0.1*0.75*H10,IF(H10>25.01,2.5*0.75,"HATA"))),"Değer Yok") | I40: =IF(E11="SAWH",IF(I10<15.01,1.5*0.75,IF(I10<25.01,0.1*0.75*I10,IF(I10>25.01,2.5*0.75,"HATA"))),"Değer Yok") | J40: =IF(J11="SAWH",IF(J10<15.01,1.5*0.75,IF(J10<25.01,0.1*0.75*J10,IF(J10>25.01,2.5*0.75,"HATA"))),"Değer Yok")
B41: Kaynak Yüksekliği | D41: İç (mm) | E41: =IF(E11="SAWH",IF(E10<13.01,3.5*0.75,3.5*0.75),"Değer Yok") | F41: =IF(E11="SAWH",IF(F10<13.01,3.5*0.75,3.5*0.75),"Değer Yok") | G41: =IF(E11="SAWH",IF(G10<13.01,3.5*0.75,3.5*0.75),"Değer Yok") | H41: =IF(E11="SAWH",IF(H10<13.01,3.5*0.75,3.5*0.75),"Değer Yok") | I41: =IF(E11="SAWH",IF(I10<13.01,3.5*0.75,3.5*0.75),"Değer Yok") | J41: =IF(J11="SAWH",IF(J10<13.01,3.5*0.75,3.5*0.75),"Değer Yok")
D42: Dış (mm) | E42: =IF(E11="SAWH",IF(E10<13.01,3.5*0.75,4.5*0.75),"Değer Yok") | F42: =IF(E11="SAWH",IF(F10<13.01,3.5*0.75,4.5*0.75),"Değer Yok") | G42: =IF(E11="SAWH",IF(G10<13.01,3.5*0.75,4.5*0.75),"Değer Yok") | H42: =IF(E11="SAWH",IF(H10<13.01,3.5*0.75,4.5*0.75),"Değer Yok") | I42: =IF(E11="SAWH",IF(I10<13.01,3.5*0.75,4.5*0.75),"Değer Yok") | J42: =IF(J11="SAWH",IF(J10<13.01,3.5*0.75,4.5*0.75),"Değer Yok")
B43: Misalignment (mm) | E43: =IF(E11="SAWH",IF(E10<20.01,3*0.75,4*0.75),"DEĞER YOK") | F43: =IF(E11="SAWH",IF(F10<20.01,3*0.75,4*0.75),"DEĞER YOK") | G43: =IF(E11="SAWH",IF(G10<20.01,3*0.75,4*0.75),"DEĞER YOK") | H43: =IF(E11="SAWH",IF(H10<20.01,3*0.75,4*0.75),"DEĞER YOK") | I43: =IF(E11="SAWH",IF(I10<20.01,3*0.75,4*0.75),"DEĞER YOK") | J43: =IF(J11="SAWH",IF(J10<20.01,3*0.75,4*0.75),"DEĞER YOK")
B44: Çentik Darbe (J) | E44: Malzeme | F44: =VLOOKUP(E12,'Boru SMYS Tablosu'!B5:G16,5,0) | G44: Kaynak | H44: =VLOOKUP(E12,'Boru SMYS Tablosu'!B5:G16,6,0) | J44: =VLOOKUP(J12,'Boru SMYS Tablosu'!B5:G16,5,0) | K44: =VLOOKUP(J12,'Boru SMYS Tablosu'!B5:G16,6,0)
B45: Çentik Numunesi Boyutu | E45: Tablo 22 ye göre düzenle
B46: Akma Çekme Oranı Max. | E46: =VLOOKUP(E12,'Boru SMYS Tablosu'!B5:G16,4,0) | J46: =VLOOKUP(J12,'Boru SMYS Tablosu'!B5:G16,4,0)
B47: Artık Sress Testi Max (mm) | E47: =IF(D2="BOTAŞ",IF(E11="SAWH",12.566*POWER(E8,2)*G24*0.1/(200000*E10),"TEST YOK"),IF(E11="SAWH",12.566*POWER(E8,2)*G24*0.1/(200000*E10),"TEST YOK")) | F47: =IF(E11="SAWH",12.566*POWER(E8,2)*G24*0.1/(200000*F10),"TEST YOK") | G47: =IF(E11="SAWH",12.566*POWER(E8,2)*G24*0.1/(200000*G10),"TEST YOK") | H47: =IF(E11="SAWH",12.566*POWER(E8,2)*G24*0.1/(200000*H10),"TEST YOK") | I47: =IF(E11="SAWH",12.566*POWER(E8,2)*G24*0.1/(200000*I10),"TEST YOK") | J47: =IF(J11="SAWH",12.566*POWER(J8,2)*K24*0.1/(200000*J10),"TEST YOK") | M47: =12.566*POWER(E8,2)*G24*0.1/(200000*G10) | N47: =12.566*POWER(E8,2)*G24*0.1/(200000*H10)
B48: Yırtılma Testi (DWTT) | E48: =IF(E8<508,"TEST YOK","Var") | F48: =IF(E8<508," TEST YOK","Var") | G48: =IF(E8<508,"TEST YOK","Var") | H48: =IF(E8<508,"TEST YOK","Var") | I48: =IF(E8<508,"TEST YOK","Var") | J48: =IF(J8<508,"TEST YOK","Var")
B49: Sertlik TESTİ | E49: 300 HV | F49: 300 HV | G49: 300 HV | H49: 300 HV | I49: 300 HV | J49: 300 HV
B50: Mandrel Çapı Max (mm) | E50: =IF(E11="SAWH",(1.15*(E8-2*E10)/((VLOOKUP(E12,'Boru SMYS Tablosu'!B3:O16,14,0)*E8/E10)-2*VLOOKUP(E12,'Boru SMYS Tablosu'!B3:O16,14,0)-1))-E10,"TEST YOK") | F50: =IF(E11="SAWH",(1.15*(E8-2*F10)/((VLOOKUP(E12,'Boru SMYS Tablosu'!B3:O16,14,0)*E8/F10)-2*VLOOKUP(E12,'Boru SMYS Tablosu'!B3:O16,14,0)-1))-F10,"TEST YOK") | G50: =IF(E11="SAWH",(1.15*(E8-2*G10)/((VLOOKUP(E12,'Boru SMYS Tablosu'!B3:O16,14,0)*E8/G10)-2*VLOOKUP(E12,'Boru SMYS Tablosu'!B3:O16,14,0)-1))-G10,"TEST YOK") | H50: =IF(E11="SAWH",(1.15*(E8-2*H10)/((VLOOKUP(E12,'Boru SMYS Tablosu'!B3:O16,14,0)*E8/H10)-2*VLOOKUP(E12,'Boru SMYS Tablosu'!B3:O16,14,0)-1))-H10,"TEST YOK") | I50: =IF(E11="SAWH",1.15*(E8-2*I10)/((VLOOKUP(E12,'Boru SMYS Tablosu'!B3:O16,14,0)*E8/I10)-2*VLOOKUP(E12,'Boru SMYS Tablosu'!B3:O16,14,0)-1)-I10, "TEST YOK") | J50: =IF(J11="SAWH",(1.15*(J8-2*J10)/((VLOOKUP(J12,'Boru SMYS Tablosu'!B3:O16,14,0)*J8/J10)-2*VLOOKUP(J12,'Boru SMYS Tablosu'!B3:O16,14,0)-1))-J10,"TEST YOK")
B51: Çene Açıklığı Max (mm) | E51: =IF(E50="TEST YOK","TEST YOK",E50+3.2+2*E10) | F51: =IF(F50="TEST YOK","TEST YOK",F50+3.2+2*F10) | G51: =IF(G50="TEST YOK","TEST YOK",G50+3.2+2*G10) | H51: =IF(H50="TEST YOK","TEST YOK",H50+3.2+2*H10) | I51: =IF(I50="TEST YOK","TEST YOK",I50+3.2+2*I10) | J51: =IF(J50="TEST YOK","TEST YOK",J50+3.2+2*J10)
B52: FLATTENING | D52: Kaynak açılma yüksekliği (mm) | E52: =IF(E10=0,"YOK",IF(E11="ERW HFW",IF(E13>'Boru SMYS Tablosu'!$D$9,IF(E10>12.69,E8*0.66,E8*0.5),E8*0.5),"TEST YOK")) | F52: =IF(E11="ERW HFW",IF(E13>'Boru SMYS Tablosu'!$D$9,IF(F10>12.69,E8*0.66,E8*0.5),E8*0.5),"TEST YOK") | G52: =IF(E11="ERW HFW",IF(E13>'Boru SMYS Tablosu'!$D$9,IF(G10>12.69,E8*0.66,E8*0.5),E8*0.5),"TEST YOK") | H52: =IF(E11="ERW HFW",IF(E13>'Boru SMYS Tablosu'!$D$9,IF(H10>12.69,E8*0.66,E8*0.5),E8*0.5),"TEST YOK") | I52: =IF(E11="ERW HFW",IF(E13>'Boru SMYS Tablosu'!$D$9,IF(I10>12.69,E8*0.66,E8*0.5),E8*0.5),"TEST YOK") | J52: =IF(J11="ERW HFW",IF(J13>'Boru SMYS Tablosu'!$D$9,IF(J10>12.69,J8*0.66,J8*0.5),J8*0.5),"TEST YOK")
D53: Malzemede çatlak yüksekliği (mm) | E53: =IF(E10=0,"YOK",IF(E11="ERW HFW",IF(E8/E10>10,E8*0.33,"Soruştur"),"TEST YOK")) | F53: =IF(E11="ERW HFW",IF(E8/F10>10,E8*0.33,"Soruştur"),"TEST YOK") | G53: =IF(E11="ERW HFW",IF(E8/G10>10,E8*0.33,"Soruştur"),"TEST YOK") | H53: =IF(E11="ERW HFW",IF(E8/H10>10,E8*0.33,"Soruştur"),"TEST YOK") | I53: =IF(E11="ERW HFW",IF(E8/I10>10,E8*0.33,"Soruştur"),"BU TEST YOK") | J53: =IF(J11="ERW HFW",IF(J8/J10>10,J8*0.33,"Soruştur"),"TEST YOK")
D54: Laminasyon | E54: =IF(E11="ERW HFW","Düzleştirme testinde karşı duvarlar değdiğinde Laminasyon ve Yanık bulunmayacaktır","TEST YOK") | J54: =IF(J11="ERW HFW","Düzleştirme testinde karşı duvarlar değdiğinde Laminasyon ve Yanık bulunmayacaktır","TEST YOK")
B55: Boru Ucu Kaynak Çatılaşma Max(mm) | E55: =IF(E11="SAWH", E8*0.0015, "Bu Ölçü Yok") | J55: =IF(J11="SAWH", J8*0.0015, "Bu Ölçü Yok")
B56: Boru Ucu Diklik Max. (mm) | E56: 1.6 | J56: 1.6
B57: Tamir Kaynağı Uzunluğu (Tek mm) | E57: =IF(E11="SAWH",IF(E8*0.2<150,E8*0.2,150),"Değer Yok") | J57: =IF(J11="SAWH",IF(J8*0.2<150,J8*0.2,150),"Değer Yok")
B58: Tam. Kay. Ön Isıtma | E58: =IF(E13>52000,IF(E10>10,"100 C Ön Isıtma","Ön Isıtma Yok"),"Ön Isıtma Yok") | F58: =IF(E13>52000,IF(F10>10,"100 C Ön Isıtma","Ön Isıtma Yok"),"Ön Isıtma Yok") | G58: =IF(E13>52000,IF(G10>10,"100 C Ön Isıtma","Ön Isıtma Yok"),"Ön Isıtma Yok") | H58: =IF(E13>52000,IF(H10>10,"100 C Ön Isıtma","Ön Isıtma Yok"),"Ön Isıtma Yok") | I58: =IF(E13>52000,IF(I10>10,"100 C Ön Isıtma","Ön Isıtma Yok"),"Ön Isıtma Yok") | J58: =IF(J13>52000,IF(J10>10,"100 C Ön Isıtma","Ön Isıtma Yok"),"Ön Isıtma Yok")
B59: Ağırlık Nominal (Kg/m) | E59: =E10*0.02466*(E8-E10) | F59: =F10*0.02466*(E8-F10) | G59: =G10*0.02466*(E8-G10) | H59: =H10*0.02466*(E8-H10) | I59: =I10*0.02466*(E8-I10) | J59: =J10*0.02466*(J8-J10)
B60: Ağırlık Min. (Kg/m) | E60: =E59*0.965 | F60: =F59*0.965 | G60: =G59*0.965 | H60: =H59*0.965 | I60: =I59*0.965 | J60: =J59*0.965
B61: Ağırlık Max. (Kg/m) | E61: =E59*1.1 | F61: =F59*1.1 | G61: =G59*1.1 | H61: =H59*1.1 | I61: =I59*1.1 | J61: =J59*1.1
B62: Operating pressure/ SMYS | E62: =75/E28 | F62: =75/F28 | G62: =75/G28 | H62: =75/H28 | I62: =82.5/I28 | J62: =75/J28
B63: 841.1.2 Fracture Control and Arrest | E63: =IF(E7>14,IF(E62>40%,"Brittle Fracture Control, API 5L Annex G ye Bakınız","API 5L Annex G işlemine gerek yok"),IF(E62>80%,"Brittle Fracture Control, API 5L Annex G ye Bakınız","API 5L Annex G işlemine gerek yok")) | F63: =IF(E7>14,IF(F62>40%,"Brittle Fracture Control, API 5L Annex G ye Bakınız","API 5L Annex G işlemine gerek yok"),IF(F62>80%,"Brittle Fracture Control, API 5L Annex G ye Bakınız","API 5L Annex G işlemine gerek yok")) | G63: =IF(E7>14,IF(G62>40%,"Brittle Fracture Control, API 5L Annex G ye Bakınız","API 5L Annex G işlemine gerek yok"),IF(G62>80%,"Brittle Fracture Control, API 5L Annex G ye Bakınız","API 5L Annex G işlemine gerek yok")) | H63: =IF(E7>14,IF(H62>40%,"Brittle Fracture Control, API 5L Annex G ye Bakınız","API 5L Annex G işlemine gerek yok"),IF(H62>80%,"Brittle Fracture Control, API 5L Annex G ye Bakınız","API 5L Annex G işlemine gerek yok")) | I63: =IF(E7>14,IF(I62>40%,"Brittle Fracture Control, API 5L Annex G ye Bakınız","API 5L Annex G işlemine gerek yok"),IF(I62>80%,"Brittle Fracture Control, API 5L Annex G ye Bakınız","API 5L Annex G işlemine gerek yok")) | J63: =IF(J7>14,IF(J62>40%,"Brittle Fracture Control, API 5L Annex G ye Bakınız","API 5L Annex G işlemine gerek yok"),IF(J62>80%,"Brittle Fracture Control, API 5L Annex G ye Bakınız","API 5L Annex G işlemine gerek yok"))
B64: D/t | E64: =$E$8/E10 | F64: =$E$8/F10 | G64: =$E$8/G10 | H64: =$E$8/H10 | I64: =$E$8/I10 | J64: =J8/J10
B65: 841.1.1 Steel Pipe Design Formula Alternative | E65: =IF(E64<30,"Alternatif Basınç Dizayn Hesabı Kullanılabilir", "Normal Basınç Dizayn Hesabı") | F65: =IF(F64<30,"Alternatif Basınç Dizayn Hesabı Kullanılabilir", "Normal Basınç Dizayn Hesabı") | G65: =IF(G64<30,"Alternatif Basınç Dizayn Hesabı Kullanılabilir", "Normal Basınç Dizayn Hesabı") | H65: =IF(H64<30,"Alternatif Basınç Dizayn Hesabı Kullanılabilir", "Normal Basınç Dizayn Hesabı") | I65: =IF(I64<30,"Alternatif Basınç Dizayn Hesabı Kullanılabilir", "Normal Basınç Dizayn Hesabı") | J65: =IF(J64<30,"Alternatif Basınç Dizayn Hesabı Kullanılabilir", "Normal Basınç Dizyn Hesabı")
B67: Alternative Design Pressure | E67: =IF(E65="Alternatif Basınç Dizayn Hesabı Kullanılabilir",E3*0.72,"Hesaplamaya Gerek Yok") | F67: =IF(F65="Alternatif Basınç Dizayn Hesabı Kullanılabilir",F3*0.72,"Hesaplamaya Gerek Yok") | G67: =IF(G65="Alternatif Basınç Dizayn Hesabı Kullanılabilir",G3*0.72,"Hesaplamaya Gerek Yok") | H67: =IF(H65="Alternatif Basınç Dizayn Hesabı Kullanılabilir",H3*0.72,"Hesaplamaya Gerek Yok") | I67: =IF(I65="Alternatif Basınç Dizayn Hesabı Kullanılabilir",I3*0.72,"Hesaplamaya Gerek Yok") | J67: =IF(J65="Alternatif Basınç Dizayn Hesabı Kullanılabilir",2*J13*J10/(J8-J10)/14.50733*J9,"Hesaplamaya Gerek Yok")
E71: =E62/0.72

Sheet Boru SMYS Tablosu
B2: Pipe
B3: API 5L | C3: ISO 3183 | D3: SMYS(psi) | E3: Yield/Tensile | F3: Çentik Darbe Malzeme | G3: Çentik Darbe Kaynak | H3: Yield min MPa | I3: Yield max psi | J3: Yield max Mpa | K3: Tensile Min.Psi | L3: Tensile Min.Mpa | M3: Tensile Max.Psi | N3: Tensile Max.Mpa | O3: Strain Value
B4: GRADE A | C4: L210 | D4: 30500 | H4: 210
B5: GRADE B | C5: L245 | D5: 35500 | E5: 0.8 | F5: 27 | G5: 27 | H5: 245 | I5: 65300 | J5: 450 | K5: 60200 | L5: 415 | M5: 95000 | N5: 655 | O5: 0.1375
B6: X42 | C6: L290 | D6: 42100 | E6: 0.85 | F6: 27 | G6: 27 | H6: 290 | I6: 71800 | J6: 495 | K6: 60200 | L6: 415 | M6: 95000 | N6: 655 | O6: 0.1375
B7: X46 | C7: L320 | D7: 46400 | E7: 0.85 | F7: 48 | G7: 36 | H7: 320 | I7: 76100 | J7: 525 | K7: 63100 | L7: 435 | M7: 95000 | N7: 655 | O7: 0.1325
B8: X52 | C8: L360 | D8: 52200 | E8: 0.87 | F8: 48 | G8: 36 | H8: 360 | I8: 76900 | J8: 530 | K8: 66700 | L8: 460 | M8: 110200 | N8: 760 | O8: 0.125
B9: X56 | C9: L390 | D9: 56600 | E9: 0.87 | F9: 48 | G9: 36 | H9: 390 | I9: 79000 | J9: 545 | K9: 71100 | L9: 490 | M9: 110200 | N9: 760 | O9: 0.1175
B10: X60 | C10: L415 | D10: 60200 | E10: 0.9 | F10: 60 | G10: 45 | H10: 415 | I10: 81900 | J10: 565 | K10: 75400 | L10: 520 | M10: 110200 | N10: 760 | O10: 0.1125
B11: X65 | C11: L450 | D11: 65300 | E11: 0.9 | F11: 60 | G11: 45 | H11: 450 | I11: 87000 | J11: 600 | K11: 77600 | L11: 535 | M11: 110200 | N11: 760 | O11: 0.11
B12: X70 | C12: L485 | D12: 70300 | E12: 0.93 | F12: 60 | G12: 45 | H12: 485 | I12: 92100 | J12: 635 | K12: 82700 | L12: 570 | M12: 110200 | N12: 760 | O12: 0.1025
B13: X80 | C13: L555 | D13: 80500 | E13: 0.93 | F13: 90 | G13: 68 | H13: 555 | I13: 102300 | J13: 705 | K13: 90600 | L13: 625 | M13: 119700 | N13: 825 | O13: 0.095
B14: X90 | C14: L625 | D14: 90600 | E14: 0.95 | H14: 625 | I14: 112400 | J14: 775 | K14: 100800 | L14: 695 | M14: 132700 | N14: 915 | O14: 0.085
B15: X100 | C15: L690 | D15: 100100 | E15: 0.97 | H15: 690 | I15: 121800 | J15: 840 | K15: 110200 | L15: 760 | M15: 143600 | N15: 990 | O15: 0.08
B16: X120 | C16: L830 | D16: 120400 | E16: 0.99 | H16: 830 | I16: 152300 | J16: 1050 | K16: 132700 | L16: 915 | M16: 166100 | N16: 1145 | O16: 0.0675

Sheet Reinforcement Pad
A1: Branch reinforcement calculations as per ASME B 31.3 1996 Edition: | F1: (for nomenclature refer ASME 31.3 1996 Edition)
F2: Nom. run size (inch) | I2: 48"
A3: Enter the following data in the units indicated | F3: Nom. branch size (inch) | I3: 4"
A4: 1 . | B4: Dh=O.D of header or run pipe in mm | E4: =VLOOKUP(I2,Tablo2[[ÇAP inch]:[ÇAP mm]],2,0)
B5: Db=O.D. of branch pipe in mm | E5: =VLOOKUP(I3,Tablo2[[ÇAP inch]:[ÇAP mm]],2,0)
A6: 2 . | B6: Nominal thickness of branch pipe in mm.Tb | E6: =VLOOKUP(I3,Tablo2[[ÇAP inch]:[Et Kalınlığı 5]],12,0)
B7: Corrosion allowance for branch pipe in mm. Cb | E7: 1.5
A8: 3 | B8: Nominal thickness of run pipe in mm Th | E8: =VLOOKUP(I2,Tablo2[[ÇAP inch]:[Et Kalınlığı 5]],12,0)
B9: Corrosion allowance for run pipe in mm. Ch | E9: 1.5
A10: 4 | B10: Internal design gauge pressure (bar) | E10: 82.5
A11: 5 | B11: Basic allowable stress for material of run pipe,(table A-1) psi(g), Sh | E11: =VLOOKUP(I2,Tablo2[],4,0)
A12: 6 | B12: Basic allowable stress for material of branch pipe,(Table A-1) psi(g) Sb | E12: =VLOOKUP(I3,Tablo2[],4,0) | J12: =IF(E8<8.71,E8-0.04,IF(E8<12.71,E8-0.1,E8-0.15))
A13: 7 | B13: Quality factor from (Table A-1B), for run pipe.Ejh | E13: 1 | F13: d1 effective length removed from pipe at branch mm | J13: =(E5-2*((1-E16/100)*E6) +2*E7)/SIN(PI()*E21/180)
A14: 8 | B14: Quality factor from (Table A-1B),for branch pipe.Ejb | E14: 1 | F14: th pressure design thickness for the run pipe mm | J14: =(E10*E4)/(2*(E11*E13+0.4*E10))
A15: 9 | B15: Negative mill tolerance for run pipe in % . Nh | E15: 12.5 | F15: tb pressure design thickness for the branch pipe mm | J15: =(E10*E5)/(2*(E12*E14+0.4*E10)) | S15: 0.5
A16: 10 | B16: Negative mill tolerance for branch pipe in % . Nb | E16: 12.5 | F16: (Tb-Cb)+(Th-Ch)+d1/2 mm | J16: =(E6*(1-E16/100)-E7)+(E8*(1-E15/100)-E9)+J13/2 | S16: 0.6
A17: * | B17: Do you want to check the connection | E17: YES | F17: Greater of d1 and (Tb-Cb)+(Th-Ch)+d1/2 | J17: =IF(J13>=J16,J13,J16) | S17: 0.72
B18: with reinforcing ring.specify YES / NO | F18: d2 half width of reinforcement zone mm | J18: =IF(J17<=E4,J17,E4) | S18: 0.8
A19: PLEASE NOTE SET Tr = 0 FOR CHECKING IF REINFORCEMENT PAD IS REQUIRED | F19: A2 area from excess thickness in the run pipe mm2 | J19: =(2*J18-J13)*(E8*(1-E15/100)-J14-E9)
A20: 11 | B20: Tr minimum thickness of reinforcing ring or saddle mm | E20: 0
A21: 12 | B21: b smaller angle between axes of branch and run in degree | E21: 90 | F21: 2.5(Th-Ch) mm | J21: =2.5*(E8*(1-E15/100)-E9)
F22: 2.5(Tb-Cb)+Tr mm | J22: =2.5*(E6*(1-E16/100)-E7) +E20
F23: L4, Lesser of 2.5(Th-Ch)and 2.5(Tb-Cb)+Tr mm | J23: =IF(J21<=J22,J21,J22) | K23: Height of reinforcement zone outside of run pipe | O23: Sütun1 | P23: D (Inch) | Q23: D (mm) | R23: S (Mpa) | S23: P (Bar)
A24: 13 | B24: Length of reinforcing pad measured along the run mm . Lr | E24: =IF(E17="YES",(2*J18-1),0) | O24: Nom. run size | P24: 18" | Q24: =VLOOKUP(P24,Tablo2[[ÇAP inch]:[ÇAP mm]],2,0) | R24: =ROUND(VLOOKUP(P24,Tablo2[[ÇAP inch]:[Tensile Mpa]],4,0)/145.0377,0) | S24: 75
B25: =IF(E24=2*J18-1," MAXIMUM LENGTH OF SADDLE IN COMPLAINCE WITH CODE"," ") | F25: A3 area from excess thickness in branch pipe mm2 | J25: =2*J23*((E6*(1-E16/100)-E7-J15)/(SIN(PI()*E21/180))) | O25: Nom. branch size | P25: 4" | Q25: =VLOOKUP(P25,Tablo2[[ÇAP inch]:[ÇAP mm]],2,0) | R25: =ROUND(VLOOKUP(P25,Tablo2[[ÇAP inch]:[Tensile Mpa]],4,0)/145.0377,0) | S25: 75
F26: Less of L4 &Tr forcalculating reinforcement area in ring | J26: =IF(E20<=J23,E20,J23) | O26: Selected Reinforcing Material | R26: 355
H27: PLEASE NOTE THIS SHOULD NOT BE LESS THAN Db | O27: Run Pipe Design Factor | Q27: 0.5
A28: PLEASE NOTE SET Ta = 0 FOR CHECKING IF REINFORCEMENT PAD IS REQUIRED | F28: Thickness used in ring area calculation | J28: =IF(E20=0,0,J26) | O28: İstasyon İçi Borulama
A29: 14 | B29: Enter next higher,available thk ta of reinforcing ring in mm. | E29: 0 | F29: Reinforcement area in reinforcing ring mm2 | J29: =J28*(E24-E5/SIN(E21*(PI()/180))) | O29: B | P29: =IF(S25<82.5, VLOOKUP(P25,Tablo244[[ÇAP inch]:[Et Kalınlığı 5]],12,0),VLOOKUP(P25,Tablo244[[ÇAP inch]:[Et Kalınlığı 5]],14,0)) | Q29: mm | S29: =IF(P29>2*P11,"Değer 2*d den büyük!","Değer uygun")
A30: 15 | B30: Length of reinforcement pad for ta in mm. | D30: =IF( J29=0,"NOT APPLICABLE",ROUND(((J29/E29)+(E5/SIN(E21*(PI()/180)))), 0)) | F30: Throat dimension of fillet weld mm tc | J30: =IF(0.7*E6<=6,0.7*E6,6) | O30: Cb | P30: 0 | Q30: mm | R30: Corrosion allowance for branch pipe in mm. | S30: =IF(P30>2*P12,"Değer 2*d den büyük!","Değer uygun")
B31: =IF(D30="NOT APPLICABLE"," ",(IF(D30>2*J18,"TRY WITH NEXT HIGHER THK REINFORCING RING ( Please note,this length shall be less than twice half width of reinforcement zone ) ",IF(D30<=E5+100,"TRY WITH NEXT LOWER THK REINFORCING RING ( Please note,this length shall be greater than (O.D of branch pipe + 100 )mm;also refer RESULT 3 , a possible solution with available thickness )","LENGTH OF SADDLE IS IN COMPLAINCE WITH CODE")))) | F31: Weld reinforcement area without ring mm2 | J31: =(J30/0.707)^2 | O31: d | P31: =Q25-2*P29 | Q31: mm | S31: =IF(P31>2*P13,"Değer 2*d den büyük!","Değer uygun")
F32: Leg dimension of weld at reinforcement ring mm | J32: =0.5*E20/0.707 | O32: H | P32: =IF(S24<82.5,IF(Q27=0.5,VLOOKUP(P24,Tablo244[],10,0),IF(Q27=0.6,VLOOKUP(P24,'Boru Kontrol Tablosu BOTAŞ'!B21:R53,8,0),IF(Q27=0.72,VLOOKUP(P24,Tablo244[],6,0),"Uygun Dizayn Değeri Seçin"))),"İstasyon Borusu mu") | Q32: mm | S32: =IF(P32>2*P14,"Değer 2*d den büyük!","Değer uygun")
F33: Weld dim. at ring used in calculation mm | J33: =IF(J32<=J23,J32,J23) | O33: M | P33: 11 | Q33: mm | R33: (Selected Wall Thick.) | S33: =IF(P33>2*P15,"Değer 2*d den büyük!","Değer uygun")
F34: Weld reinforcement area at ring mm2 | J34: =J33*J32 | O34: t | P34: =S24/10*Q24/2/R24/0.5 | Q34: mm | S34: =IF(P34>2*P16,"Değer 2*d den büyük!","Değer uygun")
A35: Result | B35: =IF((INT(J36)-INT(J37))>=0,"1. Branch connection is OK","1. Area available not sufficient pl try with reinforcement , increase saddle thk and/or saddle length.") | O35: Ch | P35: 0 | Q35: mm | R35: Corrosion allowance for run pipe in mm. | S35: =IF(P35>2*P17,"Değer 2*d den büyük!","Değer uygun")
B36: =IF(AND(J36>J37,E20=0),"2. Reinforcement not required","2. Reinforcement is required " ) | F36: Total area available for reinforcement mm2 | J36: =IF(J23>=E20,J34+J31+J29+J25+J19,J19+J25+J29+J34) | O36: tb | P36: =S25*Q25/2/R25/0.5/10 | Q36: mm | S36: =IF(P36>2*P18,"Değer 2*d den büyük!","Değer uygun")
B37: =IF(E29=0," ",IF(AND(J36>J37,E20=0)," ", "3. Size of reinforcing ring, width(mm) x thk(mm)")) | C37: =IF(E29=0," ",IF(AND(J36>J37,E20=0)," ",ROUND(((IF(D30<=E5+100,ROUND((E5+100),0),ROUND(D30,0)))-E5)/2,0))) | D37: =IF(E29=0," ",IF(AND(J36>J37,E20=0)," ", " X ")) | E37: =IF(E29=0," ",IF(AND(J36>J37,E20=0)," ",E29)) | F37: Area required mm2 | J37: =J14*J13*(2-SIN(E21*PI()/180)) | O37: L1 | P37: =2.5*P32 | Q37: mm | S37: =IF(P37>2*P19,"Değer 2*d den büyük!","Değer uygun") | AA37: =914.1-882.1
O38: L2 | P38: =2.5*P29+P33 | Q38: mm | S38: =IF(P38>2*P20,"Değer 2*d den büyük!","Değer uygun") | AA38: =13428.5/882.1
C39: PPD. BY : | F39: JOB NO. | K39: DWG.NO. | M39: ISSUE | O39: L | P39: =IF(P37<P38,P37,P38) | Q39: mm | S39: =IF(P39>2*P21,"Değer 2*d den büyük!","Değer uygun")
C40: CKD. BY : | M40: R0 | O40: Ar | P40: =P31*P34 | Q40: mm2 | S40: =IF(P40>2*P22,"Değer 2*d den büyük!","Değer uygun")
A41: BRANCH REINFORCEMENT CALCULATIONS | C41: DATE : | G41: PROJECT : | K41: SHEET OF | O41: A1 | P41: =IF((P32-P34-P35)*P31>0,(P32-P34-P35)*P31,0) | Q41: mm2 | S41: =IF(P41>2*P23,"Değer 2*d den büyük!","Değer uygun")
O42: A2 | P42: =2*(P29-P36-P30)*P39 | Q42: mm2 | S42: =IF(P42>2*P24,"Değer 2*d den büyük!","Değer uygun")
O43: A2* | P43: =P42*R25/R24 | Q43: mm2 | S43: =IF(P43>2*P25,"Değer 2*d den büyük!","Değer uygun")
O44: A3 | P44: =P40-P41-P43 | Q44: mm2 | S44: =IF(P44>2*P26,"Değer 2*d den büyük!","Değer uygun")
O45: d* = | P45: =P44/P33 | Q45: (d>d* olmalı) | S45: =IF(P45>2*P27,"Değer 2*d den büyük!","Değer uygun")
O46: A3 Req. >= | P46: Ar-A2-A1 | Q46: =P40-P42-P41 | R46: mm2 | S46: =IF(P46>2*P28,"Değer 2*d den büyük!","Değer uygun")
O47: M Req.> | P47: =Q46/(2*P31-Q25) | Q47: mm | R47: (Min. Reinfor. wt) | S47: =IF(P47>2*P29,"Değer 2*d den büyük!","Değer uygun")
O48: A3*>= | P48: =Q46*R24/R26 | R48: A3 Req.*Sh/Sr | S48: =IF(P48>2*P30,"Değer 2*d den büyük!","Değer uygun")
O49: Lr | P49: 204.6 | Q49: mm | R49: Selected Sleeve Lenght | S49: =IF(P49>2*P31,"Değer 2*d den büyük!","Değer uygun")
O50: M* | P50: =(P48)/(P49-Q25) | Q50: mm | R50: Min. Sleeve Thickness acc. To Sel. Sleev. Lenght | S50: =IF(P50>2*P32,"Değer 2*d den büyük!","Değer uygun")
O54: Design Hoop Stress | Q54: =75/10*Q24/P32/2 | R54: Nominal Brunch Dia. | S54: =Q25
O55: Yield Strenght in the Header | Q55: =R24 | R55: Nominal Header Dia. | S55: =Q24
O56: Ratio | Q56: =Q54/Q55 | S56: =S54/S55

Sheet Boru Kontrol Tablosu BOTAŞ
B2: ERW HFW
B3: SAWH
B4: SAWL
B5: COW
B6: SEAMLESS
B11: =VLOOKUP('Et Kalınlığı Hesaplama'!E5,Tablo244[ÇAP mm],6,FALSE)
G16: Design Pressure 75 | O16: Design Pressure 82,5 | Z16: Ovalite mm | AJ16: Minimun Elongation
G17: Boru Hattı | M17: İstayon | O17: İstayon | Q17: Boru Çap Toleransları mm | U17: Boru Hattı | X17: İstayon | Z17: Boru Hattı | AF17: İstayon | AJ17: Boru Hattı | AP17: İstayon
G18: F=0,72 | I18: F=0,60 | K18: F=0,50 | M18: F=0,50 | O18: F=0,50 | U18: F=0,72 | V18: F=0,6 | W18: F=0,5 | X18: F=0,5 | Y18: F=0,5 | Z18: F=0,72 | AB18: F=0,6 | AD18: F=0,5 | AF18: F=0,5 | AH18: F=0,5 | AJ18: F=0,72 | AL18: F=0,6 | AN18: F=0,5 | AP18: F=0,5 | AR18: F=0,5 (82,5)
B19: 1 | C19: 2 | D19: 3 | E19: 4 | F19: 5 | G19: 6 | H19: 7 | I19: 8 | J19: 9 | K19: 10 | L19: 11 | M19: 12 | N19: 13 | O19: 14 | P19: 15 | Q19: 16 | R19: 17 | S19: 18 | T19: 19 | U19: 20 | V19: 21 | W19: 22 | X19: 23 | Y19: 24 | Z19: 25 | AA19: 26 | AB19: 27 | AC19: 28 | AD19: 29 | AE19: 30 | AF19: 31 | AG19: 32 | AH19: 33 | AI19: 34 | AJ19: 35 | AK19: 36 | AL19: 37 | AM19: 38 | AN19: 39 | AO19: 40 | AP19: 41 | AQ19: 42 | AR19: 43 | AS19: 44
B20: ÇAP inch | C20: ÇAP mm | D20: MALZEME | E20: SMYS Psi | F20: Tensile Mpa | G20: Et Kalınlığı | H20: Max Bas. bar | I20: Et Kalınlığı 2 | J20: Max Bas. Bar2 | K20: Et Kalınlığı 3 | L20: Max Bas. Bar3 | M20: Et Kalınlığı 4 | N20: Max Bas. Bar4 | O20: Et Kalınlığı 5 | P20: Max Bas. Bar5 | Q20: Boru Ucu MAX | R20: Boru Ucu Min | S20: Boru Gövde MAX | T20: Boru Gövde Min | U20: D/t | V20: D/t2 | W20: D/t3 | X20: D/t4 | Y20: D/t5 | Z20: Boru Ucu 1 | AA20: Boru Gövdesi 1 | AB20: Boru Ucu 2 | AC20: Boru Gövdesi 2 | AD20: Boru Ucu 3 | AE20: Boru Gövdesi 3 | AF20: Boru Ucu 4 | AG20: Boru Gövdesi 4 | AH20: Boru Ucu 5 | AI20: Boru Gövdesi 5 | AJ20: Axc mm2 | AK20: Af mm | AL20: Axc mm22 | AM20: Af mm2 | AN20: Axc mm23 | AO20: Af mm3 | AP20: Axc mm24 | AQ20: Af mm4 | AR20: Axc mm25 | AS20: Af mm5
B21: ½" | C21: 21.3 | D21: GRADE B | E21: 35500 | F21: 415 | M21: 3.7 | N21: =2*Tablo244[[#This Row],[SMYS Psi]]*Tablo244[[#This Row],[Et Kalınlığı 4]]/Tablo244[[#This Row],[ÇAP mm]]/14.50377 | O21: 3.7 | P21: =2*Tablo244[[#This Row],[SMYS Psi]]*Tablo244[[#This Row],[Et Kalınlığı 5]]/Tablo244[[#This Row],[ÇAP mm]]/14.50377 | Q21: =Tablo244[[#This Row],[ÇAP mm]]+0.4 | R21: =Tablo244[[#This Row],[ÇAP mm]]-0.8 | S21: =Tablo244[[#This Row],[ÇAP mm]]+0.4 | T21: =Tablo244[[#This Row],[ÇAP mm]]-0.8 | X21: =Tablo244[[#This Row],[ÇAP mm]]/Tablo244[[#This Row],[Et Kalınlığı 4]] | Y21: =Tablo244[[#This Row],[ÇAP mm]]/Tablo244[[#This Row],[Et Kalınlığı 5]] | AF21: =0.9/2 | AG21: =1.2 | AH21: =0.9/2 | AI21: 1.2 | AP21: =IF(40*Tablo244[[#This Row],[Et Kalınlığı 4]]<485,Tablo244[[#This Row],[Et Kalınlığı 4]]*40,485) | AQ21: =1940*POWER(ROUND(Tablo151[[#This Row],[Axc mm24]],-1),0.2)/POWER(Tablo244[[#This Row],[Tensile Mpa]],0.9) | AR21: =IF(40*Tablo244[[#This Row],[Et Kalınlığı 5]]<485,Tablo244[[#This Row],[Et Kalınlığı 4]]*40,485) | AS21: =1940*POWER(ROUND(Tablo151[[#This Row],[Axc mm25]],-1),0.2)/POWER(Tablo244[[#This Row],[Tensile Mpa]],0.9)
B22: ¾" | C22: 26.7 | D22: GRADE B | E22: 35500 | F22: 415 | M22: 3.9 | N22: =2*Tablo244[[#This Row],[SMYS Psi]]*Tablo244[[#This Row],[Et Kalınlığı 4]]/Tablo244[[#This Row],[ÇAP mm]]/14.50377 | O22: 3.9 | P22: =2*Tablo244[[#This Row],[SMYS Psi]]*Tablo244[[#This Row],[Et Kalınlığı 5]]/Tablo244[[#This Row],[ÇAP mm]]/14.50377 | Q22: =Tablo244[[#This Row],[ÇAP mm]]+0.4 | R22: =Tablo244[[#This Row],[ÇAP mm]]-0.8 | S22: =Tablo244[[#This Row],[ÇAP mm]]+0.4 | T22: =Tablo244[[#This Row],[ÇAP mm]]-0.8 | X22: =Tablo244[[#This Row],[ÇAP mm]]/Tablo244[[#This Row],[Et Kalınlığı 4]] | Y22: =Tablo244[[#This Row],[ÇAP mm]]/Tablo244[[#This Row],[Et Kalınlığı 5]] | AF22: =0.9/2 | AG22: =1.2 | AH22: =0.9/2 | AI22: 1.2 | AP22: =IF(40*Tablo244[[#This Row],[Et Kalınlığı 4]]<485,Tablo244[[#This Row],[Et Kalınlığı 4]]*40,485) | AQ22: =1940*POWER(ROUND(Tablo151[[#This Row],[Axc mm24]],-1),0.2)/POWER(Tablo244[[#This Row],[Tensile Mpa]],0.9) | AR22: =IF(40*Tablo244[[#This Row],[Et Kalınlığı 5]]<485,Tablo244[[#This Row],[Et Kalınlığı 4]]*40,485) | AS22: =1940*POWER(ROUND(Tablo151[[#This Row],[Axc mm25]],-1),0.2)/POWER(Tablo244[[#This Row],[Tensile Mpa]],0.9)
B23: 1" | C23: 33.4 | D23: GRADE B | E23: 35500 | F23: 415 | M23: 4.6 | N23: =2*Tablo244[[#This Row],[SMYS Psi]]*Tablo244[[#This Row],[Et Kalınlığı 4]]/Tablo244[[#This Row],[ÇAP mm]]/14.50377 | O23: 4.6 | P23: =2*Tablo244[[#This Row],[SMYS Psi]]*Tablo244[[#This Row],[Et Kalınlığı 5]]/Tablo244[[#This Row],[ÇAP mm]]/14.50377 | Q23: =Tablo244[[#This Row],[ÇAP mm]]+0.4 | R23: =Tablo244[[#This Row],[ÇAP mm]]-0.8 | S23: =Tablo244[[#This Row],[ÇAP mm]]+0.4 | T23: =Tablo244[[#This Row],[ÇAP mm]]-0.8 | X23: =Tablo244[[#This Row],[ÇAP mm]]/Tablo244[[#This Row],[Et Kalınlığı 4]] | Y23: =Tablo244[[#This Row],[ÇAP mm]]/Tablo244[[#This Row],[Et Kalınlığı 5]] | AF23: =0.9/2 | AG23: =1.2 | AH23: =0.9/2 | AI23: 1.2 | AP23: =IF(40*Tablo244[[#This Row],[Et Kalınlığı 4]]<485,Tablo244[[#This Row],[Et Kalınlığı 4]]*40,485) | AQ23: =1940*POWER(ROUND(Tablo151[[#This Row],[Axc mm24]],-1),0.2)/POWER(Tablo244[[#This Row],[Tensile Mpa]],0.9) | AR23: =IF(40*Tablo244[[#This Row],[Et Kalınlığı 5]]<485,Tablo244[[#This Row],[Et Kalınlığı 4]]*40,485) | AS23: =1940*POWER(ROUND(Tablo151[[#This Row],[Axc mm25]],-1),0.2)/POWER(Tablo244[[#This Row],[Tensile Mpa]],0.9)
B24: 1¼" | C24: 42.2 | D24: GRADE B | E24: 35500 | F24: 415 | M24: 4.9 | N24: =2*Tablo244[[#This Row],[SMYS Psi]]*Tablo244[[#This Row],[Et Kalınlığı 4]]/Tablo244[[#This Row],[ÇAP mm]]/14.50377 | O24: 4.9 | P24: =2*Tablo244[[#This Row],[SMYS Psi]]*Tablo244[[#This Row],[Et Kalınlığı 5]]/Tablo244[[#This Row],[ÇAP mm]]/14.50377 | Q24: =Tablo244[[#This Row],[ÇAP mm]]+0.4 | R24: =Tablo244[[#This Row],[ÇAP mm]]-0.8 | S24: =Tablo244[[#This Row],[ÇAP mm]]+0.4 | T24: =Tablo244[[#This Row],[ÇAP mm]]-0.8 | X24: =Tablo244[[#This Row],[ÇAP mm]]/Tablo244[[#This Row],[Et Kalınlığı 4]] | Y24: =Tablo244[[#This Row],[ÇAP mm]]/Tablo244[[#This Row],[Et Kalınlığı 5]] | AF24: =0.9/2 | AG24: =1.2 | AH24: =0.9/2 | AI24: 1.2 | AP24: =IF(40*Tablo244[[#This Row],[Et Kalınlığı 4]]<485,Tablo244[[#This Row],[Et Kalınlığı 4]]*40,485) | AQ24: =1940*POWER(ROUND(Tablo151[[#This Row],[Axc mm24]],-1),0.2)/POWER(Tablo244[[#This Row],[Tensile Mpa]],0.9) | AR24: =IF(40*Tablo244[[#This Row],[Et Kalınlığı 5]]<485,Tablo244[[#This Row],[Et Kalınlığı 4]]*40,485) | AS24: =1940*POWER(ROUND(Tablo151[[#This Row],[Axc mm25]],-1),0.2)/POWER(Tablo244[[#This Row],[Tensile Mpa]],0.9)
B25: 1½" | C25: 48.3 | D25: GRADE B | E25: 35500 | F25: 415 | M25: 5.1 | N25: =2*Tablo244[[#This Row],[SMYS Psi]]*Tablo244[[#This Row],[Et Kalınlığı 4]]/Tablo244[[#This Row],[ÇAP mm]]/14.50377 | O25: 5.1 | P25: =2*Tablo244[[#This Row],[SMYS Psi]]*Tablo244[[#This Row],[Et Kalınlığı 5]]/Tablo244[[#This Row],[ÇAP mm]]/14.50377 | Q25: =Tablo244[[#This Row],[ÇAP mm]]+0.4 | R25: =Tablo244[[#This Row],[ÇAP mm]]-0.8 | S25: =Tablo244[[#This Row],[ÇAP mm]]+0.4 | T25: =Tablo244[[#This Row],[ÇAP mm]]-0.8 | X25: =Tablo244[[#This Row],[ÇAP mm]]/Tablo244[[#This Row],[Et Kalınlığı 4]] | Y25: =Tablo244[[#This Row],[ÇAP mm]]/Tablo244[[#This Row],[Et Kalınlığı 5]] | AF25: =0.9/2 | AG25: =1.2 | AH25: =0.9/2 | AI25: 1.2 | AP25: =IF(40*Tablo244[[#This Row],[Et Kalınlığı 4]]<485,Tablo244[[#This Row],[Et Kalınlığı 4]]*40,485) | AQ25: =1940*POWER(ROUND(Tablo151[[#This Row],[Axc mm24]],-1),0.2)/POWER(Tablo244[[#This Row],[Tensile Mpa]],0.9) | AR25: =IF(40*Tablo244[[#This Row],[Et Kalınlığı 5]]<485,Tablo244[[#This Row],[Et Kalınlığı 4]]*40,485) | AS25: =1940*POWER(ROUND(Tablo151[[#This Row],[Axc mm25]],-1),0.2)/POWER(Tablo244[[#This Row],[Tensile Mpa]],0.9)
B26: 2" | C26: 60.3 | D26: GRADE B | E26: 35500 | F26: 415 | M26: 5.5 | N26: =2*Tablo244[[#This Row],[SMYS Psi]]*Tablo244[[#This Row],[Et Kalınlığı 4]]/Tablo244[[#This Row],[ÇAP mm]]/14.50377 | O26: 5.5 | P26: =2*Tablo244[[#This Row],[SMYS Psi]]*Tablo244[[#This Row],[Et Kalınlığı 5]]/Tablo244[[#This Row],[ÇAP mm]]/14.50377 | Q26: =Tablo244[[#This Row],[ÇAP mm]]+1.6 | R26: =Tablo244[[#This Row],[ÇAP mm]]-0.4 | S26: =Tablo244[[#This Row],[ÇAP mm]]*1.0075 | T26: =Tablo244[[#This Row],[ÇAP mm]]*0.9925 | X26: =Tablo244[[#This Row],[ÇAP mm]]/Tablo244[[#This Row],[Et Kalınlığı 4]] | Y26: =Tablo244[[#This Row],[ÇAP mm]]/Tablo244[[#This Row],[Et Kalınlığı 5]] | AF26: =IF(Tablo244[[#This Row],[ÇAP mm]]/Tablo244[[#This Row],[Et Kalınlığı 4]]<75,Tablo244[[#This Row],[ÇAP mm]]*0.015/2,"Anlaşmaya bağlıdır.") | AG26: =IF(Tablo244[[#This Row],[ÇAP mm]]/Tablo244[[#This Row],[Et Kalınlığı 4]]<75,Tablo244[[#This Row],[ÇAP mm]]*0.02,"Anlaşmaya bağlıdır.") | AH26: =IF(Tablo244[[#This Row],[ÇAP mm]]/Tablo244[[#This Row],[Et Kalınlığı 4]]<75,Tablo244[[#This Row],[ÇAP mm]]*0.015/2,"Anlaşmaya bağlıdır.") | AI26: =IF(Tablo244[[#This Row],[ÇAP mm]]/Tablo244[[#This Row],[Et Kalınlığı 5]]<75,Tablo244[[#This Row],[ÇAP mm]]*0.02,"Anlaşmaya bağlıdır.") | AP26: =IF(40*Tablo244[[#This Row],[Et Kalınlığı 4]]<485,Tablo244[[#This Row],[Et Kalınlığı 4]]*40,485) | AQ26: =1940*POWER(ROUND(Tablo151[[#This Row],[Axc mm24]],-1),0.2)/POWER(Tablo244[[#This Row],[Tensile Mpa]],0.9) | AR26: =IF(40*Tablo244[[#This Row],[Et Kalınlığı 5]]<485,Tablo244[[#This Row],[Et Kalınlığı 4]]*40,485) | AS26: =1940*POWER(ROUND(Tablo151[[#This Row],[Axc mm25]],-1),0.2)/POWER(Tablo244[[#This Row],[Tensile Mpa]],0.9)
B27: 2½" | C27: 73 | D27: GRADE B | E27: 35500 | F27: 415 | M27: 5.2 | N27: =2*Tablo244[[#This Row],[SMYS Psi]]*Tablo244[[#This Row],[Et Kalınlığı 4]]/Tablo244[[#This Row],[ÇAP mm]]/14.50377 | O27: 5.2 | P27: =2*Tablo244[[#This Row],[SMYS Psi]]*Tablo244[[#This Row],[Et Kalınlığı 5]]/Tablo244[[#This Row],[ÇAP mm]]/14.50377 | Q27: =Tablo244[[#This Row],[ÇAP mm]]+1.6 | R27: =Tablo244[[#This Row],[ÇAP mm]]-0.4 | S27: =Tablo244[[#This Row],[ÇAP mm]]*1.0075 | T27: =Tablo244[[#This Row],[ÇAP mm]]*0.9925 | X27: =Tablo244[[#This Row],[ÇAP mm]]/Tablo244[[#This Row],[Et Kalınlığı 4]] | Y27: =Tablo244[[#This Row],[ÇAP mm]]/Tablo244[[#This Row],[Et Kalınlığı 5]] | AF27: =IF(Tablo244[[#This Row],[ÇAP mm]]/Tablo244[[#This Row],[Et Kalınlığı 4]]<75,Tablo244[[#This Row],[ÇAP mm]]*0.015/2,"Anlaşmaya bağlıdır.") | AG27: =IF(Tablo244[[#This Row],[ÇAP mm]]/Tablo244[[#This Row],[Et Kalınlığı 4]]<75,Tablo244[[#This Row],[ÇAP mm]]*0.02,"Anlaşmaya bağlıdır.") | AH27: =IF(Tablo244[[#This Row],[ÇAP mm]]/Tablo244[[#This Row],[Et Kalınlığı 4]]<75,Tablo244[[#This Row],[ÇAP mm]]*0.015/2,"Anlaşmaya bağlıdır.") | AI27: =IF(Tablo244[[#This Row],[ÇAP mm]]/Tablo244[[#This Row],[Et Kalınlığı 5]]<75,Tablo244[[#This Row],[ÇAP mm]]*0.02,"Anlaşmaya bağlıdır.") | AP27: =IF(40*Tablo244[[#This Row],[Et Kalınlığı 4]]<485,Tablo244[[#This Row],[Et Kalınlığı 4]]*40,485) | AQ27: =1940*POWER(ROUND(Tablo151[[#This Row],[Axc mm24]],-1),0.2)/POWER(Tablo244[[#This Row],[Tensile Mpa]],0.9) | AR27: =IF(40*Tablo244[[#This Row],[Et Kalınlığı 5]]<485,Tablo244[[#This Row],[Et Kalınlığı 4]]*40,485) | AS27: =1940*POWER(ROUND(Tablo151[[#This Row],[Axc mm25]],-1),0.2)/POWER(Tablo244[[#This Row],[Tensile Mpa]],0.9)
B28: 3" | C28: 88.9 | D28: GRADE B | E28: 35500 | F28: 415 | M28: 5.5 | N28: =2*Tablo244[[#This Row],[SMYS Psi]]*Tablo244[[#This Row],[Et Kalınlığı 4]]/Tablo244[[#This Row],[ÇAP mm]]/14.50377 | O28: 5.5 | P28: =2*Tablo244[[#This Row],[SMYS Psi]]*Tablo244[[#This Row],[Et Kalınlığı 5]]/Tablo244[[#This Row],[ÇAP mm]]/14.50377 | Q28: =Tablo244[[#This Row],[ÇAP mm]]+1.6 | R28: =Tablo244[[#This Row],[ÇAP mm]]-0.4 | S28: =Tablo244[[#This Row],[ÇAP mm]]*1.0075 | T28: =Tablo244[[#This Row],[ÇAP mm]]*0.9925 | X28: =Tablo244[[#This Row],[ÇAP mm]]/Tablo244[[#This Row],[Et Kalınlığı 4]] | Y28: =Tablo244[[#This Row],[ÇAP mm]]/Tablo244[[#This Row],[Et Kalınlığı 5]] | AF28: =IF(Tablo244[[#This Row],[ÇAP mm]]/Tablo244[[#This Row],[Et Kalınlığı 4]]<75,Tablo244[[#This Row],[ÇAP mm]]*0.015/2,"Anlaşmaya bağlıdır.") | AG28: =IF(Tablo244[[#This Row],[ÇAP mm]]/Tablo244[[#This Row],[Et Kalınlığı 4]]<75,Tablo244[[#This Row],[ÇAP mm]]*0.02,"Anlaşmaya bağlıdır.") | AH28: =IF(Tablo244[[#This Row],[ÇAP mm]]/Tablo244[[#This Row],[Et Kalınlığı 4]]<75,Tablo244[[#This Row],[ÇAP mm]]*0.015/2,"Anlaşmaya bağlıdır.") | AI28: =IF(Tablo244[[#This Row],[ÇAP mm]]/Tablo244[[#This Row],[Et Kalınlığı 5]]<75,Tablo244[[#This Row],[ÇAP mm]]*0.02,"Anlaşmaya bağlıdır.") | AP28: =IF(40*Tablo244[[#This Row],[Et Kalınlığı 4]]<485,Tablo244[[#This Row],[Et Kalınlığı 4]]*40,485) | AQ28: =1940*POWER(ROUND(Tablo151[[#This Row],[Axc mm24]],-1),0.2)/POWER(Tablo244[[#This Row],[Tensile Mpa]],0.9) | AR28: =IF(40*Tablo244[[#This Row],[Et Kalınlığı 5]]<485,Tablo244[[#This Row],[Et Kalınlığı 4]]*40,485) | AS28: =1940*POWER(ROUND(Tablo151[[#This Row],[Axc mm25]],-1),0.2)/POWER(Tablo244[[#This Row],[Tensile Mpa]],0.9)
B29: 4" | C29: 114.3 | D29: GRADE B | E29: 35500 | F29: 415 | M29: 6 | N29: =2*Tablo244[[#This Row],[SMYS Psi]]*Tablo244[[#This Row],[Et Kalınlığı 4]]/Tablo244[[#This Row],[ÇAP mm]]/14.50377 | O29: 6 | P29: =2*Tablo244[[#This Row],[SMYS Psi]]*Tablo244[[#This Row],[Et Kalınlığı 5]]/Tablo244[[#This Row],[ÇAP mm]]/14.50377 | Q29: =Tablo244[[#This Row],[ÇAP mm]]+1.6 | R29: =Tablo244[[#This Row],[ÇAP mm]]-0.4 | S29: =Tablo244[[#This Row],[ÇAP mm]]*1.0075 | T29: =Tablo244[[#This Row],[ÇAP mm]]*0.9925 | X29: =Tablo244[[#This Row],[ÇAP mm]]/Tablo244[[#This Row],[Et Kalınlığı 4]] | Y29: =Tablo244[[#This Row],[ÇAP mm]]/Tablo244[[#This Row],[Et Kalınlığı 5]] | AF29: =IF(Tablo244[[#This Row],[ÇAP mm]]/Tablo244[[#This Row],[Et Kalınlığı 4]]<75,Tablo244[[#This Row],[ÇAP mm]]*0.015/2,"Anlaşmaya bağlıdır.") | AG29: =IF(Tablo244[[#This Row],[ÇAP mm]]/Tablo244[[#This Row],[Et Kalınlığı 4]]<75,Tablo244[[#This Row],[ÇAP mm]]*0.02,"Anlaşmaya bağlıdır.") | AH29: =IF(Tablo244[[#This Row],[ÇAP mm]]/Tablo244[[#This Row],[Et Kalınlığı 4]]<75,Tablo244[[#This Row],[ÇAP mm]]*0.015/2,"Anlaşmaya bağlıdır.") | AI29: =IF(Tablo244[[#This Row],[ÇAP mm]]/Tablo244[[#This Row],[Et Kalınlığı 5]]<75,Tablo244[[#This Row],[ÇAP mm]]*0.02,"Anlaşmaya bağlıdır.") | AP29: =IF(40*Tablo244[[#This Row],[Et Kalınlığı 4]]<485,Tablo244[[#This Row],[Et Kalınlığı 4]]*40,485) | AQ29: =1940*POWER(ROUND(Tablo151[[#This Row],[Axc mm24]],-1),0.2)/POWER(Tablo244[[#This Row],[Tensile Mpa]],0.9) | AR29: =IF(40*Tablo244[[#This Row],[Et Kalınlığı 5]]<485,Tablo244[[#This Row],[Et Kalınlığı 4]]*40,485) | AS29: =1940*POWER(ROUND(Tablo151[[#This Row],[Axc mm25]],-1),0.2)/POWER(Tablo244[[#This Row],[Tensile Mpa]],0.9)
B30: 5" | C30: 141.3 | D30: GRADE B | E30: 35500 | F30: 415 | M30: 6.6 | N30: =2*Tablo244[[#This Row],[SMYS Psi]]*Tablo244[[#This Row],[Et Kalınlığı 4]]/Tablo244[[#This Row],[ÇAP mm]]/14.50377 | O30: 7.1 | P30: =2*Tablo244[[#This Row],[SMYS Psi]]*Tablo244[[#This Row],[Et Kalınlığı 5]]/Tablo244[[#This Row],[ÇAP mm]]/14.50377 | Q30: =Tablo244[[#This Row],[ÇAP mm]]+1.6 | R30: =Tablo244[[#This Row],[ÇAP mm]]-0.4 | S30: =Tablo244[[#This Row],[ÇAP mm]]*1.0075 | T30: =Tablo244[[#This Row],[ÇAP mm]]*0.9925 | X30: =Tablo244[[#This Row],[ÇAP mm]]/Tablo244[[#This Row],[Et Kalınlığı 4]] | Y30: =Tablo244[[#This Row],[ÇAP mm]]/Tablo244[[#This Row],[Et Kalınlığı 5]] | AF30: =IF(Tablo244[[#This Row],[ÇAP mm]]/Tablo244[[#This Row],[Et Kalınlığı 4]]<75,Tablo244[[#This Row],[ÇAP mm]]*0.015/2,"Anlaşmaya bağlıdır.") | AG30: =IF(Tablo244[[#This Row],[ÇAP mm]]/Tablo244[[#This Row],[Et Kalınlığı 4]]<75,Tablo244[[#This Row],[ÇAP mm]]*0.02,"Anlaşmaya bağlıdır.") | AH30: =IF(Tablo244[[#This Row],[ÇAP mm]]/Tablo244[[#This Row],[Et Kalınlığı 5]]<75,Tablo244[[#This Row],[ÇAP mm]]*0.015/2,"Anlaşmaya bağlıdır.") | AI30: =IF(Tablo244[[#This Row],[ÇAP mm]]/Tablo244[[#This Row],[Et Kalınlığı 5]]<75,Tablo244[[#This Row],[ÇAP mm]]*0.02,"Anlaşmaya bağlıdır.") | AP30: =IF(40*Tablo244[[#This Row],[Et Kalınlığı 4]]<485,Tablo244[[#This Row],[Et Kalınlığı 4]]*40,485) | AQ30: =1940*POWER(ROUND(Tablo151[[#This Row],[Axc mm24]],-1),0.2)/POWER(Tablo244[[#This Row],[Tensile Mpa]],0.9) | AR30: =IF(40*Tablo244[[#This Row],[Et Kalınlığı 5]]<485,Tablo244[[#This Row],[Et Kalınlığı 4]]*40,485) | AS30: =1940*POWER(ROUND(Tablo151[[#This Row],[Axc mm25]],-1),0.2)/POWER(Tablo244[[#This Row],[Tensile Mpa]],0.9)
B31: 6" | C31: 168.3 | D31: X42 | E31: 42100 | F31: 415 | G31: 5.2 | H31: =2*Tablo244[[#This Row],[SMYS Psi]]*Tablo244[[#This Row],[Et Kalınlığı ]]/Tablo244[[#This Row],[ÇAP mm]]/14.50377 | I31: 5.2 | J31: =2*Tablo244[[#This Row],[SMYS Psi]]*Tablo244[[#This Row],[Et Kalınlığı 2]]/Tablo244[[#This Row],[ÇAP mm]]/14.50377 | K31: 5.2 | L31: =2*Tablo244[[#This Row],[SMYS Psi]]*Tablo244[[#This Row],[Et Kalınlığı 3]]/Tablo244[[#This Row],[ÇAP mm]]/14.50377 | M31: 6.4 | N31: =2*Tablo244[[#This Row],[SMYS Psi]]*Tablo244[[#This Row],[Et Kalınlığı 4]]/Tablo244[[#This Row],[ÇAP mm]]/14.50377 | O31: 6.4 | P31: =2*Tablo244[[#This Row],[SMYS Psi]]*Tablo244[[#This Row],[Et Kalınlığı 5]]/Tablo244[[#This Row],[ÇAP mm]]/14.50377 | Q31: =IF(Tablo244[[#This Row],[ÇAP mm]]*0.005-1.6<0,Tablo244[[#This Row],[ÇAP mm]]*1.005,Tablo244[[#This Row],[ÇAP mm]]+1.6) | R31: =IF(Tablo244[[#This Row],[ÇAP mm]]*0.005-1.6<0,Tablo244[[#This Row],[ÇAP mm]]*0.995,Tablo244[[#This Row],[ÇAP mm]]-1.6) | S31: =IF(Tablo244[[#This Row],[ÇAP mm]]*0.0075-3.2<0,Tablo244[[#This Row],[ÇAP mm]]*1.0075,Tablo244[[#This Row],[ÇAP mm]]+3.2) | T31: =IF(Tablo244[[#This Row],[ÇAP mm]]*0.005-3.2<0,Tablo244[[#This Row],[ÇAP mm]]*0.9925,Tablo244[[#This Row],[ÇAP mm]]-3.2) | U31: =Tablo244[[#This Row],[ÇAP mm]]/Tablo244[[#This Row],[Et Kalınlığı ]] | V31: =Tablo244[[#This Row],[ÇAP mm]]/Tablo244[[#This Row],[Et Kalınlığı 2]] | W31: =Tablo244[[#This Row],[ÇAP mm]]/Tablo244[[#This Row],[Et Kalınlığı 3]] | X31: =Tablo244[[#This Row],[ÇAP mm]]/Tablo244[[#This Row],[Et Kalınlığı 4]] | Y31: =Tablo244[[#This Row],[ÇAP mm]]/Tablo244[[#This Row],[Et Kalınlığı 5]] | Z31: =IF(Tablo244[[#This Row],[ÇAP mm]]/Tablo244[[#This Row],[Et Kalınlığı ]]<75,Tablo244[[#This Row],[ÇAP mm]]*0.015/2,"Anlaşmaya bağlıdır.") | AA31: =IF(Tablo244[[#This Row],[ÇAP mm]]/Tablo244[[#This Row],[Et Kalınlığı ]]<75,Tablo244[[#This Row],[ÇAP mm]]*0.02,"Anlaşmaya bağlıdır.") | AB31: =IF(Tablo244[[#This Row],[ÇAP mm]]/Tablo244[[#This Row],[Et Kalınlığı ]]<75,Tablo244[[#This Row],[ÇAP mm]]*0.015/2,"Anlaşmaya bağlıdır.") | AC31: =IF(Tablo244[[#This Row],[ÇAP mm]]/Tablo244[[#This Row],[Et Kalınlığı 2]]<75,Tablo244[[#This Row],[ÇAP mm]]*0.02,"Anlaşmaya bağlıdır.") | AD31: =IF(Tablo244[[#This Row],[ÇAP mm]]/Tablo244[[#This Row],[Et Kalınlığı ]]<75,Tablo244[[#This Row],[ÇAP mm]]*0.015/2,"Anlaşmaya bağlıdır.") | AE31: =IF(Tablo244[[#This Row],[ÇAP mm]]/Tablo244[[#This Row],[Et Kalınlığı 3]]<75,Tablo244[[#This Row],[ÇAP mm]]*0.02,"Anlaşmaya bağlıdır.") | AF31: =IF(Tablo244[[#This Row],[ÇAP mm]]/Tablo244[[#This Row],[Et Kalınlığı 4]]<75,Tablo244[[#This Row],[ÇAP mm]]*0.015/2,"Anlaşmaya bağlıdır.") | AG31: =IF(Tablo244[[#This Row],[ÇAP mm]]/Tablo244[[#This Row],[Et Kalınlığı 4]]<75,Tablo244[[#This Row],[ÇAP mm]]*0.02,"Anlaşmaya bağlıdır.") | AH31: =IF(Tablo244[[#This Row],[ÇAP mm]]/Tablo244[[#This Row],[Et Kalınlığı 5]]<75,Tablo244[[#This Row],[ÇAP mm]]*0.015/2,"Anlaşmaya bağlıdır.") | AI31: =IF(Tablo244[[#This Row],[ÇAP mm]]/Tablo244[[#This Row],[Et Kalınlığı 5]]<75,Tablo244[[#This Row],[ÇAP mm]]*0.02,"Anlaşmaya bağlıdır.") | AJ31: =IF(40*Tablo244[[#This Row],[Et Kalınlığı ]]<485,Tablo244[[#This Row],[Et Kalınlığı ]]*40,485) | AK31: =1940*POWER(ROUND(AJ31,-1),0.2)/POWER(Tablo244[[#This Row],[Tensile Mpa]],0.9) | AL31: =IF(40*Tablo244[[#This Row],[Et Kalınlığı 2]]<485,Tablo244[[#This Row],[Et Kalınlığı ]]*40,485) | AM31: =1940*POWER(ROUND(Tablo151[[#This Row],[Axc mm22]],-1),0.2)/POWER(Tablo244[[#This Row],[Tensile Mpa]],0.9) | AN31: =IF(40*Tablo244[[#This Row],[Et Kalınlığı 3]]<485,Tablo244[[#This Row],[Et Kalınlığı ]]*40,485) | AO31: =1940*POWER(ROUND(Tablo151[[#This Row],[Axc mm23]],-1),0.2)/POWER(Tablo244[[#This Row],[Tensile Mpa]],0.9) | AP31: =IF(40*Tablo244[[#This Row],[Et Kalınlığı 4]]<485,Tablo244[[#This Row],[Et Kalınlığı 4]]*40,485) | AQ31: =1940*POWER(ROUND(Tablo151[[#This Row],[Axc mm24]],-1),0.2)/POWER(Tablo244[[#This Row],[Tensile Mpa]],0.9) | AR31: =IF(40*Tablo244[[#This Row],[Et Kalınlığı 5]]<485,Tablo244[[#This Row],[Et Kalınlığı 4]]*40,485) | AS31: =1940*POWER(ROUND(Tablo151[[#This Row],[Axc mm25]],-1),0.2)/POWER(Tablo244[[#This Row],[Tensile Mpa]],0.9)
B32: 8" | C32: 219.1 | D32: X42 | E32: 42100 | F32: 415 | G32: 5.2 | H32: =2*Tablo244[[#This Row],[SMYS Psi]]*Tablo244[[#This Row],[Et Kalınlığı ]]/Tablo244[[#This Row],[ÇAP mm]]/14.50377 | I32: 5.2 | J32: =2*Tablo244[[#This Row],[SMYS Psi]]*Tablo244[[#This Row],[Et Kalınlığı 2]]/Tablo244[[#This Row],[ÇAP mm]]/14.50377 | K32: 6.4 | L32: =2*Tablo244[[#This Row],[SMYS Psi]]*Tablo244[[#This Row],[Et Kalınlığı 3]]/Tablo244[[#This Row],[ÇAP mm]]/14.50377 | M32: 7.9 | N32: =2*Tablo244[[#This Row],[SMYS Psi]]*Tablo244[[#This Row],[Et Kalınlığı 4]]/Tablo244[[#This Row],[ÇAP mm]]/14.50377 | O32: 7.9 | P32: =2*Tablo244[[#This Row],[SMYS Psi]]*Tablo244[[#This Row],[Et Kalınlığı 5]]/Tablo244[[#This Row],[ÇAP mm]]/14.50377 | Q32: =IF(Tablo244[[#This Row],[ÇAP mm]]*0.005-1.6<0,Tablo244[[#This Row],[ÇAP mm]]*1.005,Tablo244[[#This Row],[ÇAP mm]]+1.6) | R32: =IF(Tablo244[[#This Row],[ÇAP mm]]*0.005-1.6<0,Tablo244[[#This Row],[ÇAP mm]]*0.995,Tablo244[[#This Row],[ÇAP mm]]-1.6) | S32: =IF(Tablo244[[#This Row],[ÇAP mm]]*0.0075-3.2<0,Tablo244[[#This Row],[ÇAP mm]]*1.0075,Tablo244[[#This Row],[ÇAP mm]]+3.2) | T32: =IF(Tablo244[[#This Row],[ÇAP mm]]*0.005-3.2<0,Tablo244[[#This Row],[ÇAP mm]]*0.9925,Tablo244[[#This Row],[ÇAP mm]]-3.2) | U32: =Tablo244[[#This Row],[ÇAP mm]]/Tablo244[[#This Row],[Et Kalınlığı ]] | V32: =Tablo244[[#This Row],[ÇAP mm]]/Tablo244[[#This Row],[Et Kalınlığı 2]] | W32: =Tablo244[[#This Row],[ÇAP mm]]/Tablo244[[#This Row],[Et Kalınlığı 3]] | X32: =Tablo244[[#This Row],[ÇAP mm]]/Tablo244[[#This Row],[Et Kalınlığı 4]] | Y32: =Tablo244[[#This Row],[ÇAP mm]]/Tablo244[[#This Row],[Et Kalınlığı 5]] | Z32: =Tablo244[[#This Row],[ÇAP mm]]*0.015/2 | AA32: =Tablo244[[#This Row],[ÇAP mm]]*0.02 | AB32: =Tablo244[[#This Row],[ÇAP mm]]*0.015/2 | AC32: =Tablo244[[#This Row],[ÇAP mm]]*0.02 | AD32: =Tablo244[[#This Row],[ÇAP mm]]*0.015/2 | AE32: =Tablo244[[#This Row],[ÇAP mm]]*0.02 | AF32: =IF(Tablo244[[#This Row],[ÇAP mm]]/Tablo244[[#This Row],[Et Kalınlığı 4]]<75,Tablo244[[#This Row],[ÇAP mm]]*0.015/2,"Anlaşmaya bağlıdır.") | AG32: =Tablo244[[#This Row],[ÇAP mm]]*0.02 | AH32: =IF(Tablo244[[#This Row],[ÇAP mm]]/Tablo244[[#This Row],[Et Kalınlığı 5]]<75,Tablo244[[#This Row],[ÇAP mm]]*0.015/2,"Anlaşmaya bağlıdır.") | AI32: =Tablo244[[#This Row],[ÇAP mm]]*0.02 | AJ32: =IF(40*Tablo244[[#This Row],[Et Kalınlığı ]]<485,Tablo244[[#This Row],[Et Kalınlığı ]]*40,485) | AK32: =1940*POWER(ROUND(AJ32,-1),0.2)/POWER(Tablo244[[#This Row],[Tensile Mpa]],0.9) | AL32: =IF(40*Tablo244[[#This Row],[Et Kalınlığı 2]]<485,Tablo244[[#This Row],[Et Kalınlığı ]]*40,485) | AM32: =1940*POWER(ROUND(Tablo151[[#This Row],[Axc mm22]],-1),0.2)/POWER(Tablo244[[#This Row],[Tensile Mpa]],0.9) | AN32: =IF(40*Tablo244[[#This Row],[Et Kalınlığı 3]]<485,Tablo244[[#This Row],[Et Kalınlığı ]]*40,485) | AO32: =1940*POWER(ROUND(Tablo151[[#This Row],[Axc mm23]],-1),0.2)/POWER(Tablo244[[#This Row],[Tensile Mpa]],0.9) | AP32: =IF(40*Tablo244[[#This Row],[Et Kalınlığı 4]]<485,Tablo244[[#This Row],[Et Kalınlığı 4]]*40,485) | AQ32: =1940*POWER(ROUND(Tablo151[[#This Row],[Axc mm24]],-1),0.2)/POWER(Tablo244[[#This Row],[Tensile Mpa]],0.9) | AR32: =IF(40*Tablo244[[#This Row],[Et Kalınlığı 5]]<485,Tablo244[[#This Row],[Et Kalınlığı 4]]*40,485) | AS32: =1940*POWER(ROUND(Tablo151[[#This Row],[Axc mm25]],-1),0.2)/POWER(Tablo244[[#This Row],[Tensile Mpa]],0.9)
B33: 10" | C33: 273.1 | D33: X46 | E33: 46400 | F33: 435 | G33: 5.2 | H33: =2*Tablo244[[#This Row],[SMYS Psi]]*Tablo244[[#This Row],[Et Kalınlığı ]]/Tablo244[[#This Row],[ÇAP mm]]/14.50377 | I33: 5.6 | J33: =2*Tablo244[[#This Row],[SMYS Psi]]*Tablo244[[#This Row],[Et Kalınlığı 2]]/Tablo244[[#This Row],[ÇAP mm]]/14.50377 | K33: 7.1 | L33: =2*Tablo244[[#This Row],[SMYS Psi]]*Tablo244[[#This Row],[Et Kalınlığı 3]]/Tablo244[[#This Row],[ÇAP mm]]/14.50377 | M33: 8.7 | N33: =2*Tablo244[[#This Row],[SMYS Psi]]*Tablo244[[#This Row],[Et Kalınlığı 4]]/Tablo244[[#This Row],[ÇAP mm]]/14.50377 | O33: 8.7 | P33: =2*Tablo244[[#This Row],[SMYS Psi]]*Tablo244[[#This Row],[Et Kalınlığı 5]]/Tablo244[[#This Row],[ÇAP mm]]/14.50377 | Q33: =IF(Tablo244[[#This Row],[ÇAP mm]]*0.005-1.6<0,Tablo244[[#This Row],[ÇAP mm]]*1.005,Tablo244[[#This Row],[ÇAP mm]]+1.6) | R33: =IF(Tablo244[[#This Row],[ÇAP mm]]*0.005-1.6<0,Tablo244[[#This Row],[ÇAP mm]]*0.995,Tablo244[[#This Row],[ÇAP mm]]-1.6) | S33: =IF(Tablo244[[#This Row],[ÇAP mm]]*0.0075-3.2<0,Tablo244[[#This Row],[ÇAP mm]]*1.0075,Tablo244[[#This Row],[ÇAP mm]]+3.2) | T33: =IF(Tablo244[[#This Row],[ÇAP mm]]*0.005-3.2<0,Tablo244[[#This Row],[ÇAP mm]]*0.9925,Tablo244[[#This Row],[ÇAP mm]]-3.2) | U33: =Tablo244[[#This Row],[ÇAP mm]]/Tablo244[[#This Row],[Et Kalınlığı ]] | V33: =Tablo244[[#This Row],[ÇAP mm]]/Tablo244[[#This Row],[Et Kalınlığı 2]] | W33: =Tablo244[[#This Row],[ÇAP mm]]/Tablo244[[#This Row],[Et Kalınlığı 3]] | X33: =Tablo244[[#This Row],[ÇAP mm]]/Tablo244[[#This Row],[Et Kalınlığı 4]] | Y33: =Tablo244[[#This Row],[ÇAP mm]]/Tablo244[[#This Row],[Et Kalınlığı 5]] | Z33: =Tablo244[[#This Row],[ÇAP mm]]*0.015/2 | AA33: =Tablo244[[#This Row],[ÇAP mm]]*0.02 | AB33: =Tablo244[[#This Row],[ÇAP mm]]*0.015/2 | AC33: =Tablo244[[#This Row],[ÇAP mm]]*0.02 | AD33: =Tablo244[[#This Row],[ÇAP mm]]*0.015/2 | AE33: =Tablo244[[#This Row],[ÇAP mm]]*0.02 | AF33: =IF(Tablo244[[#This Row],[ÇAP mm]]/Tablo244[[#This Row],[Et Kalınlığı 4]]<75,Tablo244[[#This Row],[ÇAP mm]]*0.015/2,"Anlaşmaya bağlıdır.") | AG33: =Tablo244[[#This Row],[ÇAP mm]]*0.02 | AH33: =IF(Tablo244[[#This Row],[ÇAP mm]]/Tablo244[[#This Row],[Et Kalınlığı 5]]<75,Tablo244[[#This Row],[ÇAP mm]]*0.015/2,"Anlaşmaya bağlıdır.") | AI33: =Tablo244[[#This Row],[ÇAP mm]]*0.02 | AJ33: =IF(40*Tablo244[[#This Row],[Et Kalınlığı ]]<485,Tablo244[[#This Row],[Et Kalınlığı ]]*40,485) | AK33: =1940*POWER(ROUND(AJ33,-1),0.2)/POWER(Tablo244[[#This Row],[Tensile Mpa]],0.9) | AL33: =IF(40*Tablo244[[#This Row],[Et Kalınlığı 2]]<485,Tablo244[[#This Row],[Et Kalınlığı ]]*40,485) | AM33: =1940*POWER(ROUND(Tablo151[[#This Row],[Axc mm22]],-1),0.2)/POWER(Tablo244[[#This Row],[Tensile Mpa]],0.9) | AN33: =IF(40*Tablo244[[#This Row],[Et Kalınlığı 3]]<485,Tablo244[[#This Row],[Et Kalınlığı ]]*40,485) | AO33: =1940*POWER(ROUND(Tablo151[[#This Row],[Axc mm23]],-1),0.2)/POWER(Tablo244[[#This Row],[Tensile Mpa]],0.9) | AP33: =IF(40*Tablo244[[#This Row],[Et Kalınlığı 4]]<485,Tablo244[[#This Row],[Et Kalınlığı 4]]*40,485) | AQ33: =1940*POWER(ROUND(Tablo151[[#This Row],[Axc mm24]],-1),0.2)/POWER(Tablo244[[#This Row],[Tensile Mpa]],0.9) | AR33: =IF(40*Tablo244[[#This Row],[Et Kalınlığı 5]]<485,Tablo244[[#This Row],[Et Kalınlığı 4]]*40,485) | AS33: =1940*POWER(ROUND(Tablo151[[#This Row],[Axc mm25]],-1),0.2)/POWER(Tablo244[[#This Row],[Tensile Mpa]],0.9)
B34: 12" | C34: 323.9 | D34: X52 | E34: 52200 | F34: 460 | G34: 5.2 | H34: =2*Tablo244[[#This Row],[SMYS Psi]]*Tablo244[[#This Row],[Et Kalınlığı ]]/Tablo244[[#This Row],[ÇAP mm]]/14.50377 | I34: 6.4 | J34: =2*Tablo244[[#This Row],[SMYS Psi]]*Tablo244[[#This Row],[Et Kalınlığı 2]]/Tablo244[[#This Row],[ÇAP mm]]/14.50377 | K34: 7.1 | L34: =2*Tablo244[[#This Row],[SMYS Psi]]*Tablo244[[#This Row],[Et Kalınlığı 3]]/Tablo244[[#This Row],[ÇAP mm]]/14.50377 | M34: 8.4 | N34: =2*Tablo244[[#This Row],[SMYS Psi]]*Tablo244[[#This Row],[Et Kalınlığı 4]]/Tablo244[[#This Row],[ÇAP mm]]/14.50377 | O34: 9.5 | P34: =2*Tablo244[[#This Row],[SMYS Psi]]*Tablo244[[#This Row],[Et Kalınlığı 5]]/Tablo244[[#This Row],[ÇAP mm]]/14.50377 | Q34: =IF(Tablo244[[#This Row],[ÇAP mm]]*0.005-1.6<0,Tablo244[[#This Row],[ÇAP mm]]*1.005,Tablo244[[#This Row],[ÇAP mm]]+1.6) | R34: =IF(Tablo244[[#This Row],[ÇAP mm]]*0.005-1.6<0,Tablo244[[#This Row],[ÇAP mm]]*0.995,Tablo244[[#This Row],[ÇAP mm]]-1.6) | S34: =IF(Tablo244[[#This Row],[ÇAP mm]]*0.0075-3.2<0,Tablo244[[#This Row],[ÇAP mm]]*1.0075,Tablo244[[#This Row],[ÇAP mm]]+3.2) | T34: =IF(Tablo244[[#This Row],[ÇAP mm]]*0.005-3.2<0,Tablo244[[#This Row],[ÇAP mm]]*0.9925,Tablo244[[#This Row],[ÇAP mm]]-3.2) | U34: =Tablo244[[#This Row],[ÇAP mm]]/Tablo244[[#This Row],[Et Kalınlığı ]] | V34: =Tablo244[[#This Row],[ÇAP mm]]/Tablo244[[#This Row],[Et Kalınlığı 2]] | W34: =Tablo244[[#This Row],[ÇAP mm]]/Tablo244[[#This Row],[Et Kalınlığı 3]] | X34: =Tablo244[[#This Row],[ÇAP mm]]/Tablo244[[#This Row],[Et Kalınlığı 4]] | Y34: =Tablo244[[#This Row],[ÇAP mm]]/Tablo244[[#This Row],[Et Kalınlığı 5]] | Z34: =Tablo244[[#This Row],[ÇAP mm]]*0.015/2 | AA34: =Tablo244[[#This Row],[ÇAP mm]]*0.02 | AB34: =Tablo244[[#This Row],[ÇAP mm]]*0.015/2 | AC34: =Tablo244[[#This Row],[ÇAP mm]]*0.02 | AD34: =Tablo244[[#This Row],[ÇAP mm]]*0.015/2 | AE34: =Tablo244[[#This Row],[ÇAP mm]]*0.02 | AF34: =IF(Tablo244[[#This Row],[ÇAP mm]]/Tablo244[[#This Row],[Et Kalınlığı 4]]<75,Tablo244[[#This Row],[ÇAP mm]]*0.015/2,"Anlaşmaya bağlıdır.") | AG34: =Tablo244[[#This Row],[ÇAP mm]]*0.02 | AH34: =IF(Tablo244[[#This Row],[ÇAP mm]]/Tablo244[[#This Row],[Et Kalınlığı 5]]<75,Tablo244[[#This Row],[ÇAP mm]]*0.015/2,"Anlaşmaya bağlıdır.") | AI34: =Tablo244[[#This Row],[ÇAP mm]]*0.02 | AJ34: =IF(40*Tablo244[[#This Row],[Et Kalınlığı ]]<485,Tablo244[[#This Row],[Et Kalınlığı ]]*40,485) | AK34: =1940*POWER(ROUND(AJ34,-1),0.2)/POWER(Tablo244[[#This Row],[Tensile Mpa]],0.9) | AL34: =IF(40*Tablo244[[#This Row],[Et Kalınlığı 2]]<485,Tablo244[[#This Row],[Et Kalınlığı ]]*40,485) | AM34: =1940*POWER(ROUND(Tablo151[[#This Row],[Axc mm22]],-1),0.2)/POWER(Tablo244[[#This Row],[Tensile Mpa]],0.9) | AN34: =IF(40*Tablo244[[#This Row],[Et Kalınlığı 3]]<485,Tablo244[[#This Row],[Et Kalınlığı ]]*40,485) | AO34: =1940*POWER(ROUND(Tablo151[[#This Row],[Axc mm23]],-1),0.2)/POWER(Tablo244[[#This Row],[Tensile Mpa]],0.9) | AP34: =IF(40*Tablo244[[#This Row],[Et Kalınlığı 4]]<485,Tablo244[[#This Row],[Et Kalınlığı 4]]*40,485) | AQ34: =1940*POWER(ROUND(Tablo151[[#This Row],[Axc mm24]],-1),0.2)/POWER(Tablo244[[#This Row],[Tensile Mpa]],0.9) | AR34: =IF(40*Tablo244[[#This Row],[Et Kalınlığı 5]]<485,Tablo244[[#This Row],[Et Kalınlığı 4]]*40,485) | AS34: =1940*POWER(ROUND(Tablo151[[#This Row],[Axc mm25]],-1),0.2)/POWER(Tablo244[[#This Row],[Tensile Mpa]],0.9)
B35: 14" | C35: 355.6 | D35: X52 | E35: 52200 | F35: 460 | G35: 5.2 | H35: =2*Tablo244[[#This Row],[SMYS Psi]]*Tablo244[[#This Row],[Et Kalınlığı ]]/Tablo244[[#This Row],[ÇAP mm]]/14.50377 | I35: 6.4 | J35: =2*Tablo244[[#This Row],[SMYS Psi]]*Tablo244[[#This Row],[Et Kalınlığı 2]]/Tablo244[[#This Row],[ÇAP mm]]/14.50377 | K35: 7.9 | L35: =2*Tablo244[[#This Row],[SMYS Psi]]*Tablo244[[#This Row],[Et Kalınlığı 3]]/Tablo244[[#This Row],[ÇAP mm]]/14.50377 | M35: 9.5 | N35: =2*Tablo244[[#This Row],[SMYS Psi]]*Tablo244[[#This Row],[Et Kalınlığı 4]]/Tablo244[[#This Row],[ÇAP mm]]/14.50377 | O35: 10.3 | P35: =2*Tablo244[[#This Row],[SMYS Psi]]*Tablo244[[#This Row],[Et Kalınlığı 5]]/Tablo244[[#This Row],[ÇAP mm]]/14.50377 | Q35: =IF(Tablo244[[#This Row],[ÇAP mm]]*0.005-1.6<0,Tablo244[[#This Row],[ÇAP mm]]*1.005,Tablo244[[#This Row],[ÇAP mm]]+1.6) | R35: =IF(Tablo244[[#This Row],[ÇAP mm]]*0.005-1.6<0,Tablo244[[#This Row],[ÇAP mm]]*0.995,Tablo244[[#This Row],[ÇAP mm]]-1.6) | S35: =IF(Tablo244[[#This Row],[ÇAP mm]]*0.0075-3.2<0,Tablo244[[#This Row],[ÇAP mm]]*1.0075,Tablo244[[#This Row],[ÇAP mm]]+3.2) | T35: =IF(Tablo244[[#This Row],[ÇAP mm]]*0.005-3.2<0,Tablo244[[#This Row],[ÇAP mm]]*0.9925,Tablo244[[#This Row],[ÇAP mm]]-3.2) | U35: =Tablo244[[#This Row],[ÇAP mm]]/Tablo244[[#This Row],[Et Kalınlığı ]] | V35: =Tablo244[[#This Row],[ÇAP mm]]/Tablo244[[#This Row],[Et Kalınlığı 2]] | W35: =Tablo244[[#This Row],[ÇAP mm]]/Tablo244[[#This Row],[Et Kalınlığı 3]] | X35: =Tablo244[[#This Row],[ÇAP mm]]/Tablo244[[#This Row],[Et Kalınlığı 4]] | Y35: =Tablo244[[#This Row],[ÇAP mm]]/Tablo244[[#This Row],[Et Kalınlığı 5]] | Z35: =Tablo244[[#This Row],[ÇAP mm]]*0.015/2 | AA35: =Tablo244[[#This Row],[ÇAP mm]]*0.02 | AB35: =Tablo244[[#This Row],[ÇAP mm]]*0.015/2 | AC35: =Tablo244[[#This Row],[ÇAP mm]]*0.02 | AD35: =Tablo244[[#This Row],[ÇAP mm]]*0.015/2 | AE35: =Tablo244[[#This Row],[ÇAP mm]]*0.02 | AF35: =IF(Tablo244[[#This Row],[ÇAP mm]]/Tablo244[[#This Row],[Et Kalınlığı 4]]<75,Tablo244[[#This Row],[ÇAP mm]]*0.015/2,"Anlaşmaya bağlıdır.") | AG35: =Tablo244[[#This Row],[ÇAP mm]]*0.02 | AH35: =IF(Tablo244[[#This Row],[ÇAP mm]]/Tablo244[[#This Row],[Et Kalınlığı 5]]<75,Tablo244[[#This Row],[ÇAP mm]]*0.015/2,"Anlaşmaya bağlıdır.") | AI35: =Tablo244[[#This Row],[ÇAP mm]]*0.02 | AJ35: =IF(40*Tablo244[[#This Row],[Et Kalınlığı ]]<485,Tablo244[[#This Row],[Et Kalınlığı ]]*40,485) | AK35: =1940*POWER(ROUND(AJ35,-1),0.2)/POWER(Tablo244[[#This Row],[Tensile Mpa]],0.9) | AL35: =IF(40*Tablo244[[#This Row],[Et Kalınlığı 2]]<485,Tablo244[[#This Row],[Et Kalınlığı ]]*40,485) | AM35: =1940*POWER(ROUND(Tablo151[[#This Row],[Axc mm22]],-1),0.2)/POWER(Tablo244[[#This Row],[Tensile Mpa]],0.9) | AN35: =IF(40*Tablo244[[#This Row],[Et Kalınlığı 3]]<485,Tablo244[[#This Row],[Et Kalınlığı ]]*40,485) | AO35: =1940*POWER(ROUND(Tablo151[[#This Row],[Axc mm23]],-1),0.2)/POWER(Tablo244[[#This Row],[Tensile Mpa]],0.9) | AP35: =IF(40*Tablo244[[#This Row],[Et Kalınlığı 4]]<485,Tablo244[[#This Row],[Et Kalınlığı 4]]*40,485) | AQ35: =1940*POWER(ROUND(Tablo151[[#This Row],[Axc mm24]],-1),0.2)/POWER(Tablo244[[#This Row],[Tensile Mpa]],0.9) | AR35: =IF(40*Tablo244[[#This Row],[Et Kalınlığı 5]]<485,Tablo244[[#This Row],[Et Kalınlığı 4]]*40,485) | AS35: =1940*POWER(ROUND(Tablo151[[#This Row],[Axc mm25]],-1),0.2)/POWER(Tablo244[[#This Row],[Tensile Mpa]],0.9)
B36: 16" | C36: 406.4 | D36: X60 | E36: 60200 | F36: 520 | G36: 5.2 | H36: =2*Tablo244[[#This Row],[SMYS Psi]]*Tablo244[[#This Row],[Et Kalınlığı ]]/Tablo244[[#This Row],[ÇAP mm]]/14.50377 | I36: 6.4 | J36: =2*Tablo244[[#This Row],[SMYS Psi]]*Tablo244[[#This Row],[Et Kalınlığı 2]]/Tablo244[[#This Row],[ÇAP mm]]/14.50377 | K36: 7.9 | L36: =2*Tablo244[[#This Row],[SMYS Psi]]*Tablo244[[#This Row],[Et Kalınlığı 3]]/Tablo244[[#This Row],[ÇAP mm]]/14.50377 | M36: 9.5 | N36: =2*Tablo244[[#This Row],[SMYS Psi]]*Tablo244[[#This Row],[Et Kalınlığı 4]]/Tablo244[[#This Row],[ÇAP mm]]/14.50377 | O36: 10.3 | P36: =2*Tablo244[[#This Row],[SMYS Psi]]*Tablo244[[#This Row],[Et Kalınlığı 5]]/Tablo244[[#This Row],[ÇAP mm]]/14.50377 | Q36: =IF(Tablo244[[#This Row],[ÇAP mm]]*0.005-1.6<0,Tablo244[[#This Row],[ÇAP mm]]*1.005,Tablo244[[#This Row],[ÇAP mm]]+1.6) | R36: =IF(Tablo244[[#This Row],[ÇAP mm]]*0.005-1.6<0,Tablo244[[#This Row],[ÇAP mm]]*0.995,Tablo244[[#This Row],[ÇAP mm]]-1.6) | S36: =IF(Tablo244[[#This Row],[ÇAP mm]]*0.0075-3.2<0,Tablo244[[#This Row],[ÇAP mm]]*1.0075,Tablo244[[#This Row],[ÇAP mm]]+3.2) | T36: =IF(Tablo244[[#This Row],[ÇAP mm]]*0.005-3.2<0,Tablo244[[#This Row],[ÇAP mm]]*0.9925,Tablo244[[#This Row],[ÇAP mm]]-3.2) | U36: =Tablo244[[#This Row],[ÇAP mm]]/Tablo244[[#This Row],[Et Kalınlığı ]] | V36: =Tablo244[[#This Row],[ÇAP mm]]/Tablo244[[#This Row],[Et Kalınlığı 2]] | W36: =Tablo244[[#This Row],[ÇAP mm]]/Tablo244[[#This Row],[Et Kalınlığı 3]] | X36: =Tablo244[[#This Row],[ÇAP mm]]/Tablo244[[#This Row],[Et Kalınlığı 4]] | Y36: =Tablo244[[#This Row],[ÇAP mm]]/Tablo244[[#This Row],[Et Kalınlığı 5]] | Z36: =Tablo244[[#This Row],[ÇAP mm]]*0.015/2 | AA36: =Tablo244[[#This Row],[ÇAP mm]]*0.02 | AB36: =Tablo244[[#This Row],[ÇAP mm]]*0.015/2 | AC36: =Tablo244[[#This Row],[ÇAP mm]]*0.02 | AD36: =Tablo244[[#This Row],[ÇAP mm]]*0.015/2 | AE36: =Tablo244[[#This Row],[ÇAP mm]]*0.02 | AF36: =IF(Tablo244[[#This Row],[ÇAP mm]]/Tablo244[[#This Row],[Et Kalınlığı 4]]<75,Tablo244[[#This Row],[ÇAP mm]]*0.015/2,"Anlaşmaya bağlıdır.") | AG36: =Tablo244[[#This Row],[ÇAP mm]]*0.02 | AH36: =IF(Tablo244[[#This Row],[ÇAP mm]]/Tablo244[[#This Row],[Et Kalınlığı 5]]<75,Tablo244[[#This Row],[ÇAP mm]]*0.015/2,"Anlaşmaya bağlıdır.") | AI36: =Tablo244[[#This Row],[ÇAP mm]]*0.02 | AJ36: =IF(40*Tablo244[[#This Row],[Et Kalınlığı ]]<485,Tablo244[[#This Row],[Et Kalınlığı ]]*40,485) | AK36: =1940*POWER(ROUND(AJ36,-1),0.2)/POWER(Tablo244[[#This Row],[Tensile Mpa]],0.9) | AL36: =IF(40*Tablo244[[#This Row],[Et Kalınlığı 2]]<485,Tablo244[[#This Row],[Et Kalınlığı ]]*40,485) | AM36: =1940*POWER(ROUND(Tablo151[[#This Row],[Axc mm22]],-1),0.2)/POWER(Tablo244[[#This Row],[Tensile Mpa]],0.9) | AN36: =IF(40*Tablo244[[#This Row],[Et Kalınlığı 3]]<485,Tablo244[[#This Row],[Et Kalınlığı ]]*40,485) | AO36: =1940*POWER(ROUND(Tablo151[[#This Row],[Axc mm23]],-1),0.2)/POWER(Tablo244[[#This Row],[Tensile Mpa]],0.9) | AP36: =IF(40*Tablo244[[#This Row],[Et Kalınlığı 4]]<485,Tablo244[[#This Row],[Et Kalınlığı 4]]*40,485) | AQ36: =1940*POWER(ROUND(Tablo151[[#This Row],[Axc mm24]],-1),0.2)/POWER(Tablo244[[#This Row],[Tensile Mpa]],0.9) | AR36: =IF(40*Tablo244[[#This Row],[Et Kalınlığı 5]]<485,Tablo244[[#This Row],[Et Kalınlığı 4]]*40,485) | AS36: =1940*POWER(ROUND(Tablo151[[#This Row],[Axc mm25]],-1),0.2)/POWER(Tablo244[[#This Row],[Tensile Mpa]],0.9)
B37: 18" | C37: 457 | D37: X65 | E37: 65300 | F37: 535 | G37: 5.6 | H37: =2*Tablo244[[#This Row],[SMYS Psi]]*Tablo244[[#This Row],[Et Kalınlığı ]]/Tablo244[[#This Row],[ÇAP mm]]/14.50377 | I37: 6.4 | J37: =2*Tablo244[[#This Row],[SMYS Psi]]*Tablo244[[#This Row],[Et Kalınlığı 2]]/Tablo244[[#This Row],[ÇAP mm]]/14.50377 | K37: 7.9 | L37: =2*Tablo244[[#This Row],[SMYS Psi]]*Tablo244[[#This Row],[Et Kalınlığı 3]]/Tablo244[[#This Row],[ÇAP mm]]/14.50377 | M37: 9.5 | N37: =2*Tablo244[[#This Row],[SMYS Psi]]*Tablo244[[#This Row],[Et Kalınlığı 4]]/Tablo244[[#This Row],[ÇAP mm]]/14.50377 | O37: 10.3 | P37: =2*Tablo244[[#This Row],[SMYS Psi]]*Tablo244[[#This Row],[Et Kalınlığı 5]]/Tablo244[[#This Row],[ÇAP mm]]/14.50377 | Q37: =IF(Tablo244[[#This Row],[ÇAP mm]]*0.005-1.6<0,Tablo244[[#This Row],[ÇAP mm]]*1.005,Tablo244[[#This Row],[ÇAP mm]]+1.6) | R37: =IF(Tablo244[[#This Row],[ÇAP mm]]*0.005-1.6<0,Tablo244[[#This Row],[ÇAP mm]]*0.995,Tablo244[[#This Row],[ÇAP mm]]-1.6) | S37: =IF(Tablo244[[#This Row],[ÇAP mm]]*0.0075-3.2<0,Tablo244[[#This Row],[ÇAP mm]]*1.0075,Tablo244[[#This Row],[ÇAP mm]]+3.2) | T37: =IF(Tablo244[[#This Row],[ÇAP mm]]*0.005-3.2<0,Tablo244[[#This Row],[ÇAP mm]]*0.9925,Tablo244[[#This Row],[ÇAP mm]]-3.2) | U37: =Tablo244[[#This Row],[ÇAP mm]]/Tablo244[[#This Row],[Et Kalınlığı ]] | V37: =Tablo244[[#This Row],[ÇAP mm]]/Tablo244[[#This Row],[Et Kalınlığı 2]] | W37: =Tablo244[[#This Row],[ÇAP mm]]/Tablo244[[#This Row],[Et Kalınlığı 3]] | X37: =Tablo244[[#This Row],[ÇAP mm]]/Tablo244[[#This Row],[Et Kalınlığı 4]] | Y37: =Tablo244[[#This Row],[ÇAP mm]]/Tablo244[[#This Row],[Et Kalınlığı 5]] | Z37: =Tablo244[[#This Row],[ÇAP mm]]*0.015/2 | AA37: =Tablo244[[#This Row],[ÇAP mm]]*0.02 | AB37: =Tablo244[[#This Row],[ÇAP mm]]*0.015/2 | AC37: =Tablo244[[#This Row],[ÇAP mm]]*0.02 | AD37: =Tablo244[[#This Row],[ÇAP mm]]*0.015/2 | AE37: =Tablo244[[#This Row],[ÇAP mm]]*0.02 | AF37: =IF(Tablo244[[#This Row],[ÇAP mm]]/Tablo244[[#This Row],[Et Kalınlığı 4]]<75,Tablo244[[#This Row],[ÇAP mm]]*0.015/2,"Anlaşmaya bağlıdır.") | AG37: =Tablo244[[#This Row],[ÇAP mm]]*0.02 | AH37: =IF(Tablo244[[#This Row],[ÇAP mm]]/Tablo244[[#This Row],[Et Kalınlığı 5]]<75,Tablo244[[#This Row],[ÇAP mm]]*0.015/2,"Anlaşmaya bağlıdır.") | AI37: =Tablo244[[#This Row],[ÇAP mm]]*0.02 | AJ37: =IF(40*Tablo244[[#This Row],[Et Kalınlığı ]]<485,Tablo244[[#This Row],[Et Kalınlığı ]]*40,485) | AK37: =1940*POWER(ROUND(AJ37,-1),0.2)/POWER(Tablo244[[#This Row],[Tensile Mpa]],0.9) | AL37: =IF(40*Tablo244[[#This Row],[Et Kalınlığı 2]]<485,Tablo244[[#This Row],[Et Kalınlığı ]]*40,485) | AM37: =1940*POWER(ROUND(Tablo151[[#This Row],[Axc mm22]],-1),0.2)/POWER(Tablo244[[#This Row],[Tensile Mpa]],0.9) | AN37: =IF(40*Tablo244[[#This Row],[Et Kalınlığı 3]]<485,Tablo244[[#This Row],[Et Kalınlığı ]]*40,485) | AO37: =1940*POWER(ROUND(Tablo151[[#This Row],[Axc mm23]],-1),0.2)/POWER(Tablo244[[#This Row],[Tensile Mpa]],0.9) | AP37: =IF(40*Tablo244[[#This Row],[Et Kalınlığı 4]]<485,Tablo244[[#This Row],[Et Kalınlığı 4]]*40,485) | AQ37: =1940*POWER(ROUND(Tablo151[[#This Row],[Axc mm24]],-1),0.2)/POWER(Tablo244[[#This Row],[Tensile Mpa]],0.9) | AR37: =IF(40*Tablo244[[#This Row],[Et Kalınlığı 5]]<485,Tablo244[[#This Row],[Et Kalınlığı 4]]*40,485) | AS37: =1940*POWER(ROUND(Tablo151[[#This Row],[Axc mm25]],-1),0.2)/POWER(Tablo244[[#This Row],[Tensile Mpa]],0.9)
B38: 20" | C38: 508 | D38: X65 | E38: 65300 | F38: 535 | G38: 6.4 | H38: =2*Tablo244[[#This Row],[SMYS Psi]]*Tablo244[[#This Row],[Et Kalınlığı ]]/Tablo244[[#This Row],[ÇAP mm]]/14.50377 | I38: 7.1 | J38: =2*Tablo244[[#This Row],[SMYS Psi]]*Tablo244[[#This Row],[Et Kalınlığı 2]]/Tablo244[[#This Row],[ÇAP mm]]/14.50377 | K38: 8.7 | L38: =2*Tablo244[[#This Row],[SMYS Psi]]*Tablo244[[#This Row],[Et Kalınlığı 3]]/Tablo244[[#This Row],[ÇAP mm]]/14.50377 | M38: 10.3 | N38: =2*Tablo244[[#This Row],[SMYS Psi]]*Tablo244[[#This Row],[Et Kalınlığı 4]]/Tablo244[[#This Row],[ÇAP mm]]/14.50377 | O38: 11.1 | P38: =2*Tablo244[[#This Row],[SMYS Psi]]*Tablo244[[#This Row],[Et Kalınlığı 5]]/Tablo244[[#This Row],[ÇAP mm]]/14.50377 | Q38: =IF(Tablo244[[#This Row],[ÇAP mm]]*0.005-1.6<0,Tablo244[[#This Row],[ÇAP mm]]*1.005,Tablo244[[#This Row],[ÇAP mm]]+1.6) | R38: =IF(Tablo244[[#This Row],[ÇAP mm]]*0.005-1.6<0,Tablo244[[#This Row],[ÇAP mm]]*0.995,Tablo244[[#This Row],[ÇAP mm]]-1.6) | S38: =IF(Tablo244[[#This Row],[ÇAP mm]]*0.0075-3.2<0,Tablo244[[#This Row],[ÇAP mm]]*1.0075,Tablo244[[#This Row],[ÇAP mm]]+3.2) | T38: =IF(Tablo244[[#This Row],[ÇAP mm]]*0.005-3.2<0,Tablo244[[#This Row],[ÇAP mm]]*0.9925,Tablo244[[#This Row],[ÇAP mm]]-3.2) | U38: =Tablo244[[#This Row],[ÇAP mm]]/Tablo244[[#This Row],[Et Kalınlığı ]] | V38: =Tablo244[[#This Row],[ÇAP mm]]/Tablo244[[#This Row],[Et Kalınlığı 2]] | W38: =Tablo244[[#This Row],[ÇAP mm]]/Tablo244[[#This Row],[Et Kalınlığı 3]] | X38: =Tablo244[[#This Row],[ÇAP mm]]/Tablo244[[#This Row],[Et Kalınlığı 4]] | Y38: =Tablo244[[#This Row],[ÇAP mm]]/Tablo244[[#This Row],[Et Kalınlığı 5]] | Z38: =Tablo244[[#This Row],[ÇAP mm]]*0.015/2 | AA38: =Tablo244[[#This Row],[ÇAP mm]]*0.02 | AB38: =Tablo244[[#This Row],[ÇAP mm]]*0.015/2 | AC38: =Tablo244[[#This Row],[ÇAP mm]]*0.02 | AD38: =Tablo244[[#This Row],[ÇAP mm]]*0.015/2 | AE38: =Tablo244[[#This Row],[ÇAP mm]]*0.02 | AF38: =IF(Tablo244[[#This Row],[ÇAP mm]]/Tablo244[[#This Row],[Et Kalınlığı 4]]<75,Tablo244[[#This Row],[ÇAP mm]]*0.015/2,"Anlaşmaya bağlıdır.") | AG38: =Tablo244[[#This Row],[ÇAP mm]]*0.02 | AH38: =IF(Tablo244[[#This Row],[ÇAP mm]]/Tablo244[[#This Row],[Et Kalınlığı 5]]<75,Tablo244[[#This Row],[ÇAP mm]]*0.015/2,"Anlaşmaya bağlıdır.") | AI38: =Tablo244[[#This Row],[ÇAP mm]]*0.02 | AJ38: =IF(40*Tablo244[[#This Row],[Et Kalınlığı ]]<485,Tablo244[[#This Row],[Et Kalınlığı ]]*40,485) | AK38: =1940*POWER(ROUND(AJ38,-1),0.2)/POWER(Tablo244[[#This Row],[Tensile Mpa]],0.9) | AL38: =IF(40*Tablo244[[#This Row],[Et Kalınlığı 2]]<485,Tablo244[[#This Row],[Et Kalınlığı ]]*40,485) | AM38: =1940*POWER(ROUND(Tablo151[[#This Row],[Axc mm22]],-1),0.2)/POWER(Tablo244[[#This Row],[Tensile Mpa]],0.9) | AN38: =IF(40*Tablo244[[#This Row],[Et Kalınlığı 3]]<485,Tablo244[[#This Row],[Et Kalınlığı ]]*40,485) | AO38: =1940*POWER(ROUND(Tablo151[[#This Row],[Axc mm23]],-1),0.2)/POWER(Tablo244[[#This Row],[Tensile Mpa]],0.9) | AP38: =IF(40*Tablo244[[#This Row],[Et Kalınlığı 4]]<485,Tablo244[[#This Row],[Et Kalınlığı 4]]*40,485) | AQ38: =1940*POWER(ROUND(Tablo151[[#This Row],[Axc mm24]],-1),0.2)/POWER(Tablo244[[#This Row],[Tensile Mpa]],0.9) | AR38: =IF(40*Tablo244[[#This Row],[Et Kalınlığı 5]]<485,Tablo244[[#This Row],[Et Kalınlığı 4]]*40,485) | AS38: =1940*POWER(ROUND(Tablo151[[#This Row],[Axc mm25]],-1),0.2)/POWER(Tablo244[[#This Row],[Tensile Mpa]],0.9)
B39: 22" | C39: 559 | D39: X65 | E39: 65300 | F39: 535 | G39: 7.1 | H39: =2*Tablo244[[#This Row],[SMYS Psi]]*Tablo244[[#This Row],[Et Kalınlığı ]]/Tablo244[[#This Row],[ÇAP mm]]/14.50377 | I39: 7.9 | J39: =2*Tablo244[[#This Row],[SMYS Psi]]*Tablo244[[#This Row],[Et Kalınlığı 2]]/Tablo244[[#This Row],[ÇAP mm]]/14.50377 | K39: 9.5 | L39: =2*Tablo244[[#This Row],[SMYS Psi]]*Tablo244[[#This Row],[Et Kalınlığı 3]]/Tablo244[[#This Row],[ÇAP mm]]/14.50377 | M39: 11.1 | N39: =2*Tablo244[[#This Row],[SMYS Psi]]*Tablo244[[#This Row],[Et Kalınlığı 4]]/Tablo244[[#This Row],[ÇAP mm]]/14.50377 | O39: 11.9 | P39: =2*Tablo244[[#This Row],[SMYS Psi]]*Tablo244[[#This Row],[Et Kalınlığı 5]]/Tablo244[[#This Row],[ÇAP mm]]/14.50377 | Q39: =IF(Tablo244[[#This Row],[ÇAP mm]]*0.005-1.6<0,Tablo244[[#This Row],[ÇAP mm]]*1.005,Tablo244[[#This Row],[ÇAP mm]]+1.6) | R39: =IF(Tablo244[[#This Row],[ÇAP mm]]*0.005-1.6<0,Tablo244[[#This Row],[ÇAP mm]]*0.995,Tablo244[[#This Row],[ÇAP mm]]-1.6) | S39: =IF(Tablo244[[#This Row],[ÇAP mm]]*0.0075-3.2<0,Tablo244[[#This Row],[ÇAP mm]]*1.0075,Tablo244[[#This Row],[ÇAP mm]]+3.2) | T39: =IF(Tablo244[[#This Row],[ÇAP mm]]*0.005-3.2<0,Tablo244[[#This Row],[ÇAP mm]]*0.9925,Tablo244[[#This Row],[ÇAP mm]]-3.2) | U39: =Tablo244[[#This Row],[ÇAP mm]]/Tablo244[[#This Row],[Et Kalınlığı ]] | V39: =Tablo244[[#This Row],[ÇAP mm]]/Tablo244[[#This Row],[Et Kalınlığı 2]] | W39: =Tablo244[[#This Row],[ÇAP mm]]/Tablo244[[#This Row],[Et Kalınlığı 3]] | X39: =Tablo244[[#This Row],[ÇAP mm]]/Tablo244[[#This Row],[Et Kalınlığı 4]] | Y39: =Tablo244[[#This Row],[ÇAP mm]]/Tablo244[[#This Row],[Et Kalınlığı 5]] | Z39: =Tablo244[[#This Row],[ÇAP mm]]*0.015/2 | AA39: =Tablo244[[#This Row],[ÇAP mm]]*0.02 | AB39: =Tablo244[[#This Row],[ÇAP mm]]*0.015/2 | AC39: =Tablo244[[#This Row],[ÇAP mm]]*0.02 | AD39: =Tablo244[[#This Row],[ÇAP mm]]*0.015/2 | AE39: =Tablo244[[#This Row],[ÇAP mm]]*0.02 | AF39: =IF(Tablo244[[#This Row],[ÇAP mm]]/Tablo244[[#This Row],[Et Kalınlığı 4]]<75,Tablo244[[#This Row],[ÇAP mm]]*0.015/2,"Anlaşmaya bağlıdır.") | AG39: =Tablo244[[#This Row],[ÇAP mm]]*0.02 | AH39: =IF(Tablo244[[#This Row],[ÇAP mm]]/Tablo244[[#This Row],[Et Kalınlığı 5]]<75,Tablo244[[#This Row],[ÇAP mm]]*0.015/2,"Anlaşmaya bağlıdır.") | AI39: =Tablo244[[#This Row],[ÇAP mm]]*0.02 | AJ39: =IF(40*Tablo244[[#This Row],[Et Kalınlığı ]]<485,Tablo244[[#This Row],[Et Kalınlığı ]]*40,485) | AK39: =1940*POWER(ROUND(AJ39,-1),0.2)/POWER(Tablo244[[#This Row],[Tensile Mpa]],0.9) | AL39: =IF(40*Tablo244[[#This Row],[Et Kalınlığı 2]]<485,Tablo244[[#This Row],[Et Kalınlığı ]]*40,485) | AM39: =1940*POWER(ROUND(Tablo151[[#This Row],[Axc mm22]],-1),0.2)/POWER(Tablo244[[#This Row],[Tensile Mpa]],0.9) | AN39: =IF(40*Tablo244[[#This Row],[Et Kalınlığı 3]]<485,Tablo244[[#This Row],[Et Kalınlığı ]]*40,485) | AO39: =1940*POWER(ROUND(Tablo151[[#This Row],[Axc mm23]],-1),0.2)/POWER(Tablo244[[#This Row],[Tensile Mpa]],0.9) | AP39: =IF(40*Tablo244[[#This Row],[Et Kalınlığı 4]]<485,Tablo244[[#This Row],[Et Kalınlığı 4]]*40,485) | AQ39: =1940*POWER(ROUND(Tablo151[[#This Row],[Axc mm24]],-1),0.2)/POWER(Tablo244[[#This Row],[Tensile Mpa]],0.9) | AR39: =IF(40*Tablo244[[#This Row],[Et Kalınlığı 5]]<485,Tablo244[[#This Row],[Et Kalınlığı 4]]*40,485) | AS39: =1940*POWER(ROUND(Tablo151[[#This Row],[Axc mm25]],-1),0.2)/POWER(Tablo244[[#This Row],[Tensile Mpa]],0.9)
B40: 24" | C40: 610 | D40: X65 | E40: 65300 | F40: 535 | G40: 7.1 | H40: =2*Tablo244[[#This Row],[SMYS Psi]]*Tablo244[[#This Row],[Et Kalınlığı ]]/Tablo244[[#This Row],[ÇAP mm]]/14.50377 | I40: 8.7 | J40: =2*Tablo244[[#This Row],[SMYS Psi]]*Tablo244[[#This Row],[Et Kalınlığı 2]]/Tablo244[[#This Row],[ÇAP mm]]/14.50377 | K40: 10.3 | L40: =2*Tablo244[[#This Row],[SMYS Psi]]*Tablo244[[#This Row],[Et Kalınlığı 3]]/Tablo244[[#This Row],[ÇAP mm]]/14.50377 | M40: 11.9 | N40: =2*Tablo244[[#This Row],[SMYS Psi]]*Tablo244[[#This Row],[Et Kalınlığı 4]]/Tablo244[[#This Row],[ÇAP mm]]/14.50377 | O40: 12.7 | P40: =2*Tablo244[[#This Row],[SMYS Psi]]*Tablo244[[#This Row],[Et Kalınlığı 5]]/Tablo244[[#This Row],[ÇAP mm]]/14.50377 | Q40: =IF(Tablo244[[#This Row],[ÇAP mm]]*0.005-1.6<0,Tablo244[[#This Row],[ÇAP mm]]*1.005,Tablo244[[#This Row],[ÇAP mm]]+1.6) | R40: =IF(Tablo244[[#This Row],[ÇAP mm]]*0.005-1.6<0,Tablo244[[#This Row],[ÇAP mm]]*0.995,Tablo244[[#This Row],[ÇAP mm]]-1.6) | S40: =IF(Tablo244[[#This Row],[ÇAP mm]]*0.0075-3.2<0,Tablo244[[#This Row],[ÇAP mm]]*1.0075,Tablo244[[#This Row],[ÇAP mm]]+3.2) | T40: =IF(Tablo244[[#This Row],[ÇAP mm]]*0.005-3.2<0,Tablo244[[#This Row],[ÇAP mm]]*0.9925,Tablo244[[#This Row],[ÇAP mm]]-3.2) | U40: =Tablo244[[#This Row],[ÇAP mm]]/Tablo244[[#This Row],[Et Kalınlığı ]] | V40: =Tablo244[[#This Row],[ÇAP mm]]/Tablo244[[#This Row],[Et Kalınlığı 2]] | W40: =Tablo244[[#This Row],[ÇAP mm]]/Tablo244[[#This Row],[Et Kalınlığı 3]] | X40: =Tablo244[[#This Row],[ÇAP mm]]/Tablo244[[#This Row],[Et Kalınlığı 4]] | Y40: =Tablo244[[#This Row],[ÇAP mm]]/Tablo244[[#This Row],[Et Kalınlığı 5]] | Z40: =Tablo244[[#This Row],[ÇAP mm]]*0.015/2 | AA40: =Tablo244[[#This Row],[ÇAP mm]]*0.02 | AB40: =Tablo244[[#This Row],[ÇAP mm]]*0.015/2 | AC40: =Tablo244[[#This Row],[ÇAP mm]]*0.02 | AD40: =Tablo244[[#This Row],[ÇAP mm]]*0.015/2 | AE40: =Tablo244[[#This Row],[ÇAP mm]]*0.02 | AF40: =IF(Tablo244[[#This Row],[ÇAP mm]]/Tablo244[[#This Row],[Et Kalınlığı 4]]<75,Tablo244[[#This Row],[ÇAP mm]]*0.015/2,"Anlaşmaya bağlıdır.") | AG40: =Tablo244[[#This Row],[ÇAP mm]]*0.02 | AH40: =IF(Tablo244[[#This Row],[ÇAP mm]]/Tablo244[[#This Row],[Et Kalınlığı 4]]<75,Tablo244[[#This Row],[ÇAP mm]]*0.015/2,"Anlaşmaya bağlıdır.") | AI40: =Tablo244[[#This Row],[ÇAP mm]]*0.02 | AJ40: =IF(40*Tablo244[[#This Row],[Et Kalınlığı ]]<485,Tablo244[[#This Row],[Et Kalınlığı ]]*40,485) | AK40: =1940*POWER(ROUND(AJ40,-1),0.2)/POWER(Tablo244[[#This Row],[Tensile Mpa]],0.9) | AL40: =IF(40*Tablo244[[#This Row],[Et Kalınlığı 2]]<485,Tablo244[[#This Row],[Et Kalınlığı ]]*40,485) | AM40: =1940*POWER(ROUND(Tablo151[[#This Row],[Axc mm22]],-1),0.2)/POWER(Tablo244[[#This Row],[Tensile Mpa]],0.9) | AN40: =IF(40*Tablo244[[#This Row],[Et Kalınlığı 3]]<485,Tablo244[[#This Row],[Et Kalınlığı ]]*40,485) | AO40: =1940*POWER(ROUND(Tablo151[[#This Row],[Axc mm23]],-1),0.2)/POWER(Tablo244[[#This Row],[Tensile Mpa]],0.9) | AP40: =IF(40*Tablo244[[#This Row],[Et Kalınlığı 4]]<485,Tablo244[[#This Row],[Et Kalınlığı 4]]*40,485) | AQ40: =1940*POWER(ROUND(Tablo151[[#This Row],[Axc mm24]],-1),0.2)/POWER(Tablo244[[#This Row],[Tensile Mpa]],0.9) | AR40: =IF(40*Tablo244[[#This Row],[Et Kalınlığı 5]]<485,Tablo244[[#This Row],[Et Kalınlığı 4]]*40,485) | AS40: =1940*POWER(ROUND(Tablo151[[#This Row],[Axc mm25]],-1),0.2)/POWER(Tablo244[[#This Row],[Tensile Mpa]],0.9)
B41: 30" | C41: 762 | D41: X65 | E41: 65300 | F41: 535 | G41: 9.5 | H41: =2*Tablo244[[#This Row],[SMYS Psi]]*Tablo244[[#This Row],[Et Kalınlığı ]]/Tablo244[[#This Row],[ÇAP mm]]/14.50377 | I41: 11.1 | J41: =2*Tablo244[[#This Row],[SMYS Psi]]*Tablo244[[#This Row],[Et Kalınlığı 2]]/Tablo244[[#This Row],[ÇAP mm]]/14.50377 | K41: 12.7 | L41: =2*Tablo244[[#This Row],[SMYS Psi]]*Tablo244[[#This Row],[Et Kalınlığı 3]]/Tablo244[[#This Row],[ÇAP mm]]/14.50377 | M41: 14.3 | N41: =2*Tablo244[[#This Row],[SMYS Psi]]*Tablo244[[#This Row],[Et Kalınlığı 4]]/Tablo244[[#This Row],[ÇAP mm]]/14.50377 | O41: 15.9 | P41: =2*Tablo244[[#This Row],[SMYS Psi]]*Tablo244[[#This Row],[Et Kalınlığı 5]]/Tablo244[[#This Row],[ÇAP mm]]/14.50377 | Q41: =Tablo244[[#This Row],[ÇAP mm]]+1.6 | R41: =Tablo244[[#This Row],[ÇAP mm]]-1.6 | S41: =IF(Tablo244[[#This Row],[ÇAP mm]]*0.005-4<0,Tablo244[[#This Row],[ÇAP mm]]*1.005,Tablo244[[#This Row],[ÇAP mm]]+4) | T41: =IF(Tablo244[[#This Row],[ÇAP mm]]*0.005-4<0,Tablo244[[#This Row],[ÇAP mm]]*0.995,Tablo244[[#This Row],[ÇAP mm]]+4) | U41: =Tablo244[[#This Row],[ÇAP mm]]/Tablo244[[#This Row],[Et Kalınlığı ]] | V41: =Tablo244[[#This Row],[ÇAP mm]]/Tablo244[[#This Row],[Et Kalınlığı 2]] | W41: =Tablo244[[#This Row],[ÇAP mm]]/Tablo244[[#This Row],[Et Kalınlığı 3]] | X41: =Tablo244[[#This Row],[ÇAP mm]]/Tablo244[[#This Row],[Et Kalınlığı 4]] | Y41: =Tablo244[[#This Row],[ÇAP mm]]/Tablo244[[#This Row],[Et Kalınlığı 5]] | Z41: =IF(Tablo244[[#This Row],[ÇAP mm]]/Tablo244[[#This Row],[Et Kalınlığı ]]<75,Tablo244[[#This Row],[ÇAP mm]]*0.01/2,"Anlaşmaya bağlıdır.") | AA41: =IF(Tablo244[[#This Row],[ÇAP mm]]/Tablo244[[#This Row],[Et Kalınlığı ]]<75,Tablo244[[#This Row],[ÇAP mm]]*0.015,"Anlaşmaya bağlıdır.") | AB41: =IF(Tablo244[[#This Row],[ÇAP mm]]/Tablo244[[#This Row],[Et Kalınlığı 2]]<75,Tablo244[[#This Row],[ÇAP mm]]*0.01/2,"Anlaşmaya bağlıdır.") | AC41: =IF(Tablo244[[#This Row],[ÇAP mm]]/Tablo244[[#This Row],[Et Kalınlığı 2]]<75,Tablo244[[#This Row],[ÇAP mm]]*0.015,"Anlaşmaya bağlıdır.") | AD41: =IF(Tablo244[[#This Row],[ÇAP mm]]/Tablo244[[#This Row],[Et Kalınlığı 3]]<75,Tablo244[[#This Row],[ÇAP mm]]*0.01/2,"Anlaşmaya bağlıdır.") | AE41: =IF(Tablo244[[#This Row],[ÇAP mm]]/Tablo244[[#This Row],[Et Kalınlığı 3]]<75,Tablo244[[#This Row],[ÇAP mm]]*0.015,"Anlaşmaya bağlıdır.") | AF41: =IF(Tablo244[[#This Row],[ÇAP mm]]/Tablo244[[#This Row],[Et Kalınlığı 4]]<75,Tablo244[[#This Row],[ÇAP mm]]*0.015/2,"Anlaşmaya bağlıdır.") | AG41: =IF(Tablo244[[#This Row],[ÇAP mm]]/Tablo244[[#This Row],[Et Kalınlığı 4]]<75,Tablo244[[#This Row],[ÇAP mm]]*0.015,"Anlaşmaya bağlıdır.") | AH41: =IF(Tablo244[[#This Row],[ÇAP mm]]/Tablo244[[#This Row],[Et Kalınlığı 4]]<75,Tablo244[[#This Row],[ÇAP mm]]*0.015/2,"Anlaşmaya bağlıdır.") | AI41: =IF(Tablo244[[#This Row],[ÇAP mm]]/Tablo244[[#This Row],[Et Kalınlığı 5]]<75,Tablo244[[#This Row],[ÇAP mm]]*0.015,"Anlaşmaya bağlıdır.") | AJ41: =IF(40*Tablo244[[#This Row],[Et Kalınlığı ]]<485,Tablo244[[#This Row],[Et Kalınlığı ]]*40,485) | AK41: =1940*POWER(ROUND(AJ41,-1),0.2)/POWER(Tablo244[[#This Row],[Tensile Mpa]],0.9) | AL41: =IF(40*Tablo244[[#This Row],[Et Kalınlığı 2]]<485,Tablo244[[#This Row],[Et Kalınlığı ]]*40,485) | AM41: =1940*POWER(ROUND(Tablo151[[#This Row],[Axc mm22]],-1),0.2)/POWER(Tablo244[[#This Row],[Tensile Mpa]],0.9) | AN41: =IF(40*Tablo244[[#This Row],[Et Kalınlığı 3]]<485,Tablo244[[#This Row],[Et Kalınlığı ]]*40,485) | AO41: =1940*POWER(ROUND(Tablo151[[#This Row],[Axc mm23]],-1),0.2)/POWER(Tablo244[[#This Row],[Tensile Mpa]],0.9) | AP41: =IF(40*Tablo244[[#This Row],[Et Kalınlığı 4]]<485,Tablo244[[#This Row],[Et Kalınlığı 4]]*40,485) | AQ41: =1940*POWER(ROUND(Tablo151[[#This Row],[Axc mm24]],-1),0.2)/POWER(Tablo244[[#This Row],[Tensile Mpa]],0.9) | AR41: =IF(40*Tablo244[[#This Row],[Et Kalınlığı 5]]<485,Tablo244[[#This Row],[Et Kalınlığı 4]]*40,485) | AS41: =1940*POWER(ROUND(Tablo151[[#This Row],[Axc mm25]],-1),0.2)/POWER(Tablo244[[#This Row],[Tensile Mpa]],0.9)
B42: 32" | C42: 813 | D42: X65 | E42: 65300 | F42: 535 | G42: 9.5 | H42: =2*Tablo244[[#This Row],[SMYS Psi]]*Tablo244[[#This Row],[Et Kalınlığı ]]/Tablo244[[#This Row],[ÇAP mm]]/14.50377 | I42: 11.9 | J42: =2*Tablo244[[#This Row],[SMYS Psi]]*Tablo244[[#This Row],[Et Kalınlığı 2]]/Tablo244[[#This Row],[ÇAP mm]]/14.50377 | K42: 14.3 | L42: =2*Tablo244[[#This Row],[SMYS Psi]]*Tablo244[[#This Row],[Et Kalınlığı 3]]/Tablo244[[#This Row],[ÇAP mm]]/14.50377 | M42: 15.9 | N42: =2*Tablo244[[#This Row],[SMYS Psi]]*Tablo244[[#This Row],[Et Kalınlığı 4]]/Tablo244[[#This Row],[ÇAP mm]]/14.50377 | O42: 17.5 | P42: =2*Tablo244[[#This Row],[SMYS Psi]]*Tablo244[[#This Row],[Et Kalınlığı 5]]/Tablo244[[#This Row],[ÇAP mm]]/14.50377 | Q42: =Tablo244[[#This Row],[ÇAP mm]]+1.6 | R42: =Tablo244[[#This Row],[ÇAP mm]]-1.6 | S42: =IF(Tablo244[[#This Row],[ÇAP mm]]*0.005-4<0,Tablo244[[#This Row],[ÇAP mm]]*1.005,Tablo244[[#This Row],[ÇAP mm]]+4) | T42: =IF(Tablo244[[#This Row],[ÇAP mm]]*0.005-4<0,Tablo244[[#This Row],[ÇAP mm]]*0.995,Tablo244[[#This Row],[ÇAP mm]]-4) | U42: =Tablo244[[#This Row],[ÇAP mm]]/Tablo244[[#This Row],[Et Kalınlığı ]] | V42: =Tablo244[[#This Row],[ÇAP mm]]/Tablo244[[#This Row],[Et Kalınlığı 2]] | W42: =Tablo244[[#This Row],[ÇAP mm]]/Tablo244[[#This Row],[Et Kalınlığı 3]] | X42: =Tablo244[[#This Row],[ÇAP mm]]/Tablo244[[#This Row],[Et Kalınlığı 4]] | Y42: =Tablo244[[#This Row],[ÇAP mm]]/Tablo244[[#This Row],[Et Kalınlığı 5]] | Z42: =IF(Tablo244[[#This Row],[ÇAP mm]]/Tablo244[[#This Row],[Et Kalınlığı ]]<75,Tablo244[[#This Row],[ÇAP mm]]*0.01/2,"Anlaşmaya bağlıdır.") | AA42: =IF(Tablo244[[#This Row],[ÇAP mm]]/Tablo244[[#This Row],[Et Kalınlığı ]]<75,Tablo244[[#This Row],[ÇAP mm]]*0.015/2,"Anlaşmaya bağlıdır.") | AB42: =IF(Tablo244[[#This Row],[ÇAP mm]]/Tablo244[[#This Row],[Et Kalınlığı 2]]<75,Tablo244[[#This Row],[ÇAP mm]]*0.01/2,"Anlaşmaya bağlıdır.") | AC42: =IF(Tablo244[[#This Row],[ÇAP mm]]/Tablo244[[#This Row],[Et Kalınlığı 2]]<75,Tablo244[[#This Row],[ÇAP mm]]*0.015,"Anlaşmaya bağlıdır.") | AD42: =IF(Tablo244[[#This Row],[ÇAP mm]]/Tablo244[[#This Row],[Et Kalınlığı 3]]<75,Tablo244[[#This Row],[ÇAP mm]]*0.01/2,"Anlaşmaya bağlıdır.") | AE42: =IF(Tablo244[[#This Row],[ÇAP mm]]/Tablo244[[#This Row],[Et Kalınlığı 3]]<75,Tablo244[[#This Row],[ÇAP mm]]*0.015,"Anlaşmaya bağlıdır.") | AF42: =IF(Tablo244[[#This Row],[ÇAP mm]]/Tablo244[[#This Row],[Et Kalınlığı 4]]<75,Tablo244[[#This Row],[ÇAP mm]]*0.015/2,"Anlaşmaya bağlıdır.") | AG42: =IF(Tablo244[[#This Row],[ÇAP mm]]/Tablo244[[#This Row],[Et Kalınlığı 4]]<75,Tablo244[[#This Row],[ÇAP mm]]*0.015,"Anlaşmaya bağlıdır.") | AH42: =IF(Tablo244[[#This Row],[ÇAP mm]]/Tablo244[[#This Row],[Et Kalınlığı 4]]<75,Tablo244[[#This Row],[ÇAP mm]]*0.015/2,"Anlaşmaya bağlıdır.") | AI42: =IF(Tablo244[[#This Row],[ÇAP mm]]/Tablo244[[#This Row],[Et Kalınlığı 5]]<75,Tablo244[[#This Row],[ÇAP mm]]*0.015,"Anlaşmaya bağlıdır.") | AJ42: =IF(40*Tablo244[[#This Row],[Et Kalınlığı ]]<485,Tablo244[[#This Row],[Et Kalınlığı ]]*40,485) | AK42: =1940*POWER(ROUND(AJ42,-1),0.2)/POWER(Tablo244[[#This Row],[Tensile Mpa]],0.9) | AL42: =IF(40*Tablo244[[#This Row],[Et Kalınlığı 2]]<485,Tablo244[[#This Row],[Et Kalınlığı ]]*40,485) | AM42: =1940*POWER(ROUND(Tablo151[[#This Row],[Axc mm22]],-1),0.2)/POWER(Tablo244[[#This Row],[Tensile Mpa]],0.9) | AN42: =IF(40*Tablo244[[#This Row],[Et Kalınlığı 3]]<485,Tablo244[[#This Row],[Et Kalınlığı ]]*40,485) | AO42: =1940*POWER(ROUND(Tablo151[[#This Row],[Axc mm23]],-1),0.2)/POWER(Tablo244[[#This Row],[Tensile Mpa]],0.9) | AP42: =IF(40*Tablo244[[#This Row],[Et Kalınlığı 4]]<485,Tablo244[[#This Row],[Et Kalınlığı 4]]*40,485) | AQ42: =1940*POWER(ROUND(Tablo151[[#This Row],[Axc mm24]],-1),0.2)/POWER(Tablo244[[#This Row],[Tensile Mpa]],0.9) | AR42: =IF(40*Tablo244[[#This Row],[Et Kalınlığı 5]]<485,Tablo244[[#This Row],[Et Kalınlığı 4]]*40,485) | AS42: =1940*POWER(ROUND(Tablo151[[#This Row],[Axc mm25]],-1),0.2)/POWER(Tablo244[[#This Row],[Tensile Mpa]],0.9)
B43: 34" | C43: 864 | D43: X65 | E43: 65300 | F43: 535 | G43: 10.3 | H43: =2*Tablo244[[#This Row],[SMYS Psi]]*Tablo244[[#This Row],[Et Kalınlığı ]]/Tablo244[[#This Row],[ÇAP mm]]/14.50377 | I43: 12.7 | J43: =2*Tablo244[[#This Row],[SMYS Psi]]*Tablo244[[#This Row],[Et Kalınlığı 2]]/Tablo244[[#This Row],[ÇAP mm]]/14.50377 | K43: 15.9 | L43: =2*Tablo244[[#This Row],[SMYS Psi]]*Tablo244[[#This Row],[Et Kalınlığı 3]]/Tablo244[[#This Row],[ÇAP mm]]/14.50377 | M43: 15.9 | N43: =2*Tablo244[[#This Row],[SMYS Psi]]*Tablo244[[#This Row],[Et Kalınlığı 4]]/Tablo244[[#This Row],[ÇAP mm]]/14.50377 | O43: 17.5 | P43: =2*Tablo244[[#This Row],[SMYS Psi]]*Tablo244[[#This Row],[Et Kalınlığı 5]]/Tablo244[[#This Row],[ÇAP mm]]/14.50377 | Q43: =Tablo244[[#This Row],[ÇAP mm]]+1.6 | R43: =Tablo244[[#This Row],[ÇAP mm]]-1.6 | S43: =IF(Tablo244[[#This Row],[ÇAP mm]]*0.005-4<0,Tablo244[[#This Row],[ÇAP mm]]*1.005,Tablo244[[#This Row],[ÇAP mm]]+4) | T43: =IF(Tablo244[[#This Row],[ÇAP mm]]*0.005-4<0,Tablo244[[#This Row],[ÇAP mm]]*0.995,Tablo244[[#This Row],[ÇAP mm]]-4) | U43: =Tablo244[[#This Row],[ÇAP mm]]/Tablo244[[#This Row],[Et Kalınlığı ]] | V43: =Tablo244[[#This Row],[ÇAP mm]]/Tablo244[[#This Row],[Et Kalınlığı 2]] | W43: =Tablo244[[#This Row],[ÇAP mm]]/Tablo244[[#This Row],[Et Kalınlığı 3]] | X43: =Tablo244[[#This Row],[ÇAP mm]]/Tablo244[[#This Row],[Et Kalınlığı 4]] | Y43: =Tablo244[[#This Row],[ÇAP mm]]/Tablo244[[#This Row],[Et Kalınlığı 5]] | Z43: =IF(Tablo244[[#This Row],[ÇAP mm]]/Tablo244[[#This Row],[Et Kalınlığı ]]<75,Tablo244[[#This Row],[ÇAP mm]]*0.01/2,"Anlaşmaya bağlıdır.") | AA43: =IF(Tablo244[[#This Row],[ÇAP mm]]/Tablo244[[#This Row],[Et Kalınlığı ]]<75,Tablo244[[#This Row],[ÇAP mm]]*0.015/2,"Anlaşmaya bağlıdır.") | AB43: =IF(Tablo244[[#This Row],[ÇAP mm]]/Tablo244[[#This Row],[Et Kalınlığı 2]]<75,Tablo244[[#This Row],[ÇAP mm]]*0.01/2,"Anlaşmaya bağlıdır.") | AC43: =IF(Tablo244[[#This Row],[ÇAP mm]]/Tablo244[[#This Row],[Et Kalınlığı 2]]<75,Tablo244[[#This Row],[ÇAP mm]]*0.015,"Anlaşmaya bağlıdır.") | AD43: =IF(Tablo244[[#This Row],[ÇAP mm]]/Tablo244[[#This Row],[Et Kalınlığı 3]]<75,Tablo244[[#This Row],[ÇAP mm]]*0.01/2,"Anlaşmaya bağlıdır.") | AE43: =IF(Tablo244[[#This Row],[ÇAP mm]]/Tablo244[[#This Row],[Et Kalınlığı 3]]<75,Tablo244[[#This Row],[ÇAP mm]]*0.015,"Anlaşmaya bağlıdır.") | AF43: =IF(Tablo244[[#This Row],[ÇAP mm]]/Tablo244[[#This Row],[Et Kalınlığı 4]]<75,Tablo244[[#This Row],[ÇAP mm]]*0.015/2,"Anlaşmaya bağlıdır.") | AG43: =IF(Tablo244[[#This Row],[ÇAP mm]]/Tablo244[[#This Row],[Et Kalınlığı 4]]<75,Tablo244[[#This Row],[ÇAP mm]]*0.015,"Anlaşmaya bağlıdır.") | AH43: =IF(Tablo244[[#This Row],[ÇAP mm]]/Tablo244[[#This Row],[Et Kalınlığı 4]]<75,Tablo244[[#This Row],[ÇAP mm]]*0.015/2,"Anlaşmaya bağlıdır.") | AI43: =IF(Tablo244[[#This Row],[ÇAP mm]]/Tablo244[[#This Row],[Et Kalınlığı 5]]<75,Tablo244[[#This Row],[ÇAP mm]]*0.015,"Anlaşmaya bağlıdır.") | AJ43: =IF(40*Tablo244[[#This Row],[Et Kalınlığı ]]<485,Tablo244[[#This Row],[Et Kalınlığı ]]*40,485) | AK43: =1940*POWER(ROUND(AJ43,-1),0.2)/POWER(Tablo244[[#This Row],[Tensile Mpa]],0.9) | AL43: =IF(40*Tablo244[[#This Row],[Et Kalınlığı 2]]<485,Tablo244[[#This Row],[Et Kalınlığı ]]*40,485) | AM43: =1940*POWER(ROUND(Tablo151[[#This Row],[Axc mm22]],-1),0.2)/POWER(Tablo244[[#This Row],[Tensile Mpa]],0.9) | AN43: =IF(40*Tablo244[[#This Row],[Et Kalınlığı 3]]<485,Tablo244[[#This Row],[Et Kalınlığı ]]*40,485) | AO43: =1940*POWER(ROUND(Tablo151[[#This Row],[Axc mm23]],-1),0.2)/POWER(Tablo244[[#This Row],[Tensile Mpa]],0.9) | AP43: =IF(40*Tablo244[[#This Row],[Et Kalınlığı 4]]<485,Tablo244[[#This Row],[Et Kalınlığı 4]]*40,485) | AQ43: =1940*POWER(ROUND(Tablo151[[#This Row],[Axc mm24]],-1),0.2)/POWER(Tablo244[[#This Row],[Tensile Mpa]],0.9) | AR43: =IF(40*Tablo244[[#This Row],[Et Kalınlığı 5]]<485,Tablo244[[#This Row],[Et Kalınlığı 4]]*40,485) | AS43: =1940*POWER(ROUND(Tablo151[[#This Row],[Axc mm25]],-1),0.2)/POWER(Tablo244[[#This Row],[Tensile Mpa]],0.9)
B44: 36" | C44: 914 | D44: X65 | E44: 65300 | F44: 535 | G44: 11.1 | H44: =2*Tablo244[[#This Row],[SMYS Psi]]*Tablo244[[#This Row],[Et Kalınlığı ]]/Tablo244[[#This Row],[ÇAP mm]]/14.50377 | I44: 12.7 | J44: =2*Tablo244[[#This Row],[SMYS Psi]]*Tablo244[[#This Row],[Et Kalınlığı 2]]/Tablo244[[#This Row],[ÇAP mm]]/14.50377 | K44: 15.9 | L44: =2*Tablo244[[#This Row],[SMYS Psi]]*Tablo244[[#This Row],[Et Kalınlığı 3]]/Tablo244[[#This Row],[ÇAP mm]]/14.50377 | M44: 17.5 | N44: =2*Tablo244[[#This Row],[SMYS Psi]]*Tablo244[[#This Row],[Et Kalınlığı 4]]/Tablo244[[#This Row],[ÇAP mm]]/14.50377 | O44: 19.1 | P44: =2*Tablo244[[#This Row],[SMYS Psi]]*Tablo244[[#This Row],[Et Kalınlığı 5]]/Tablo244[[#This Row],[ÇAP mm]]/14.50377 | Q44: =Tablo244[[#This Row],[ÇAP mm]]+1.6 | R44: =Tablo244[[#This Row],[ÇAP mm]]-1.6 | S44: =IF(Tablo244[[#This Row],[ÇAP mm]]*0.005-4<0,Tablo244[[#This Row],[ÇAP mm]]*1.005,Tablo244[[#This Row],[ÇAP mm]]+4) | T44: =IF(Tablo244[[#This Row],[ÇAP mm]]*0.005-4<0,Tablo244[[#This Row],[ÇAP mm]]*0.995,Tablo244[[#This Row],[ÇAP mm]]-4) | U44: =Tablo244[[#This Row],[ÇAP mm]]/Tablo244[[#This Row],[Et Kalınlığı ]] | V44: =Tablo244[[#This Row],[ÇAP mm]]/Tablo244[[#This Row],[Et Kalınlığı 2]] | W44: =Tablo244[[#This Row],[ÇAP mm]]/Tablo244[[#This Row],[Et Kalınlığı 3]] | X44: =Tablo244[[#This Row],[ÇAP mm]]/Tablo244[[#This Row],[Et Kalınlığı 4]] | Y44: =Tablo244[[#This Row],[ÇAP mm]]/Tablo244[[#This Row],[Et Kalınlığı 5]] | Z44: =IF(Tablo244[[#This Row],[ÇAP mm]]/Tablo244[[#This Row],[Et Kalınlığı ]]<75,Tablo244[[#This Row],[ÇAP mm]]*0.01/2,"Anlaşmaya bağlıdır.") | AA44: =IF(Tablo244[[#This Row],[ÇAP mm]]/Tablo244[[#This Row],[Et Kalınlığı ]]<75,Tablo244[[#This Row],[ÇAP mm]]*0.015/2,"Anlaşmaya bağlıdır.") | AB44: =IF(Tablo244[[#This Row],[ÇAP mm]]/Tablo244[[#This Row],[Et Kalınlığı 2]]<75,Tablo244[[#This Row],[ÇAP mm]]*0.01/2,"Anlaşmaya bağlıdır.") | AC44: =IF(Tablo244[[#This Row],[ÇAP mm]]/Tablo244[[#This Row],[Et Kalınlığı 2]]<75,Tablo244[[#This Row],[ÇAP mm]]*0.015,"Anlaşmaya bağlıdır.") | AD44: =IF(Tablo244[[#This Row],[ÇAP mm]]/Tablo244[[#This Row],[Et Kalınlığı 3]]<75,Tablo244[[#This Row],[ÇAP mm]]*0.01/2,"Anlaşmaya bağlıdır.") | AE44: =IF(Tablo244[[#This Row],[ÇAP mm]]/Tablo244[[#This Row],[Et Kalınlığı 3]]<75,Tablo244[[#This Row],[ÇAP mm]]*0.015,"Anlaşmaya bağlıdır.") | AF44: =IF(Tablo244[[#This Row],[ÇAP mm]]/Tablo244[[#This Row],[Et Kalınlığı 4]]<75,Tablo244[[#This Row],[ÇAP mm]]*0.015/2,"Anlaşmaya bağlıdır.") | AG44: =IF(Tablo244[[#This Row],[ÇAP mm]]/Tablo244[[#This Row],[Et Kalınlığı 4]]<75,Tablo244[[#This Row],[ÇAP mm]]*0.015,"Anlaşmaya bağlıdır.") | AH44: =IF(Tablo244[[#This Row],[ÇAP mm]]/Tablo244[[#This Row],[Et Kalınlığı 4]]<75,Tablo244[[#This Row],[ÇAP mm]]*0.015/2,"Anlaşmaya bağlıdır.") | AI44: =IF(Tablo244[[#This Row],[ÇAP mm]]/Tablo244[[#This Row],[Et Kalınlığı 5]]<75,Tablo244[[#This Row],[ÇAP mm]]*0.015,"Anlaşmaya bağlıdır.") | AJ44: =IF(40*Tablo244[[#This Row],[Et Kalınlığı ]]<485,Tablo244[[#This Row],[Et Kalınlığı ]]*40,485) | AK44: =1940*POWER(ROUND(AJ44,-1),0.2)/POWER(Tablo244[[#This Row],[Tensile Mpa]],0.9) | AL44: =IF(40*Tablo244[[#This Row],[Et Kalınlığı 2]]<485,Tablo244[[#This Row],[Et Kalınlığı ]]*40,485) | AM44: =1940*POWER(ROUND(Tablo151[[#This Row],[Axc mm22]],-1),0.2)/POWER(Tablo244[[#This Row],[Tensile Mpa]],0.9) | AN44: =IF(40*Tablo244[[#This Row],[Et Kalınlığı 3]]<485,Tablo244[[#This Row],[Et Kalınlığı ]]*40,485) | AO44: =1940*POWER(ROUND(Tablo151[[#This Row],[Axc mm23]],-1),0.2)/POWER(Tablo244[[#This Row],[Tensile Mpa]],0.9) | AP44: =IF(40*Tablo244[[#This Row],[Et Kalınlığı 4]]<485,Tablo244[[#This Row],[Et Kalınlığı 4]]*40,485) | AQ44: =1940*POWER(ROUND(Tablo151[[#This Row],[Axc mm24]],-1),0.2)/POWER(Tablo244[[#This Row],[Tensile Mpa]],0.9) | AR44: =IF(40*Tablo244[[#This Row],[Et Kalınlığı 5]]<485,Tablo244[[#This Row],[Et Kalınlığı 4]]*40,485) | AS44: =1940*POWER(ROUND(Tablo151[[#This Row],[Axc mm25]],-1),0.2)/POWER(Tablo244[[#This Row],[Tensile Mpa]],0.9)
B45: 38" | C45: 965 | D45: X65 | E45: 65300 | F45: 535 | G45: 11.9 | H45: =2*Tablo244[[#This Row],[SMYS Psi]]*Tablo244[[#This Row],[Et Kalınlığı ]]/Tablo244[[#This Row],[ÇAP mm]]/14.50377 | I45: 14.3 | J45: =2*Tablo244[[#This Row],[SMYS Psi]]*Tablo244[[#This Row],[Et Kalınlığı 2]]/Tablo244[[#This Row],[ÇAP mm]]/14.50377 | K45: 17.5 | L45: =2*Tablo244[[#This Row],[SMYS Psi]]*Tablo244[[#This Row],[Et Kalınlığı 3]]/Tablo244[[#This Row],[ÇAP mm]]/14.50377 | M45: 19.1 | N45: =2*Tablo244[[#This Row],[SMYS Psi]]*Tablo244[[#This Row],[Et Kalınlığı 4]]/Tablo244[[#This Row],[ÇAP mm]]/14.50377 | O45: 20.6 | P45: =2*Tablo244[[#This Row],[SMYS Psi]]*Tablo244[[#This Row],[Et Kalınlığı 5]]/Tablo244[[#This Row],[ÇAP mm]]/14.50377 | Q45: =Tablo244[[#This Row],[ÇAP mm]]+1.6 | R45: =Tablo244[[#This Row],[ÇAP mm]]-1.6 | S45: =IF(Tablo244[[#This Row],[ÇAP mm]]*0.005-4<0,Tablo244[[#This Row],[ÇAP mm]]*1.005,Tablo244[[#This Row],[ÇAP mm]]+4) | T45: =IF(Tablo244[[#This Row],[ÇAP mm]]*0.005-4<0,Tablo244[[#This Row],[ÇAP mm]]*0.995,Tablo244[[#This Row],[ÇAP mm]]-4) | U45: =Tablo244[[#This Row],[ÇAP mm]]/Tablo244[[#This Row],[Et Kalınlığı ]] | V45: =Tablo244[[#This Row],[ÇAP mm]]/Tablo244[[#This Row],[Et Kalınlığı 2]] | W45: =Tablo244[[#This Row],[ÇAP mm]]/Tablo244[[#This Row],[Et Kalınlığı 3]] | X45: =Tablo244[[#This Row],[ÇAP mm]]/Tablo244[[#This Row],[Et Kalınlığı 4]] | Y45: =Tablo244[[#This Row],[ÇAP mm]]/Tablo244[[#This Row],[Et Kalınlığı 5]] | Z45: =IF(Tablo244[[#This Row],[ÇAP mm]]/Tablo244[[#This Row],[Et Kalınlığı ]]<75,Tablo244[[#This Row],[ÇAP mm]]*0.01/2,"Anlaşmaya bağlıdır.") | AA45: =IF(Tablo244[[#This Row],[ÇAP mm]]/Tablo244[[#This Row],[Et Kalınlığı ]]<75,Tablo244[[#This Row],[ÇAP mm]]*0.015/2,"Anlaşmaya bağlıdır.") | AB45: =IF(Tablo244[[#This Row],[ÇAP mm]]/Tablo244[[#This Row],[Et Kalınlığı 2]]<75,Tablo244[[#This Row],[ÇAP mm]]*0.01/2,"Anlaşmaya bağlıdır.") | AC45: =IF(Tablo244[[#This Row],[ÇAP mm]]/Tablo244[[#This Row],[Et Kalınlığı 2]]<75,Tablo244[[#This Row],[ÇAP mm]]*0.015,"Anlaşmaya bağlıdır.") | AD45: =IF(Tablo244[[#This Row],[ÇAP mm]]/Tablo244[[#This Row],[Et Kalınlığı 3]]<75,Tablo244[[#This Row],[ÇAP mm]]*0.01/2,"Anlaşmaya bağlıdır.") | AE45: =IF(Tablo244[[#This Row],[ÇAP mm]]/Tablo244[[#This Row],[Et Kalınlığı 3]]<75,Tablo244[[#This Row],[ÇAP mm]]*0.015,"Anlaşmaya bağlıdır.") | AF45: =IF(Tablo244[[#This Row],[ÇAP mm]]/Tablo244[[#This Row],[Et Kalınlığı 4]]<75,Tablo244[[#This Row],[ÇAP mm]]*0.015/2,"Anlaşmaya bağlıdır.") | AG45: =IF(Tablo244[[#This Row],[ÇAP mm]]/Tablo244[[#This Row],[Et Kalınlığı 4]]<75,Tablo244[[#This Row],[ÇAP mm]]*0.015,"Anlaşmaya bağlıdır.") | AH45: =IF(Tablo244[[#This Row],[ÇAP mm]]/Tablo244[[#This Row],[Et Kalınlığı 4]]<75,Tablo244[[#This Row],[ÇAP mm]]*0.015/2,"Anlaşmaya bağlıdır.") | AI45: =IF(Tablo244[[#This Row],[ÇAP mm]]/Tablo244[[#This Row],[Et Kalınlığı 5]]<75,Tablo244[[#This Row],[ÇAP mm]]*0.015,"Anlaşmaya bağlıdır.") | AJ45: =IF(40*Tablo244[[#This Row],[Et Kalınlığı ]]<485,Tablo244[[#This Row],[Et Kalınlığı ]]*40,485) | AK45: =1940*POWER(ROUND(AJ45,-1),0.2)/POWER(Tablo244[[#This Row],[Tensile Mpa]],0.9) | AL45: =IF(40*Tablo244[[#This Row],[Et Kalınlığı 2]]<485,Tablo244[[#This Row],[Et Kalınlığı ]]*40,485) | AM45: =1940*POWER(ROUND(Tablo151[[#This Row],[Axc mm22]],-1),0.2)/POWER(Tablo244[[#This Row],[Tensile Mpa]],0.9) | AN45: =IF(40*Tablo244[[#This Row],[Et Kalınlığı 3]]<485,Tablo244[[#This Row],[Et Kalınlığı ]]*40,485) | AO45: =1940*POWER(ROUND(Tablo151[[#This Row],[Axc mm23]],-1),0.2)/POWER(Tablo244[[#This Row],[Tensile Mpa]],0.9) | AP45: =IF(40*Tablo244[[#This Row],[Et Kalınlığı 4]]<485,Tablo244[[#This Row],[Et Kalınlığı 4]]*40,485) | AQ45: =1940*POWER(ROUND(Tablo151[[#This Row],[Axc mm24]],-1),0.2)/POWER(Tablo244[[#This Row],[Tensile Mpa]],0.9) | AR45: =IF(40*Tablo244[[#This Row],[Et Kalınlığı 5]]<485,Tablo244[[#This Row],[Et Kalınlığı 4]]*40,485) | AS45: =1940*POWER(ROUND(Tablo151[[#This Row],[Axc mm25]],-1),0.2)/POWER(Tablo244[[#This Row],[Tensile Mpa]],0.9)
B46: 40" | C46: 1016 | D46: X65 | E46: 65300 | F46: 535 | G46: 11.9 | H46: =2*Tablo244[[#This Row],[SMYS Psi]]*Tablo244[[#This Row],[Et Kalınlığı ]]/Tablo244[[#This Row],[ÇAP mm]]/14.50377 | I46: 14.3 | J46: =2*Tablo244[[#This Row],[SMYS Psi]]*Tablo244[[#This Row],[Et Kalınlığı 2]]/Tablo244[[#This Row],[ÇAP mm]]/14.50377 | K46: 17.5 | L46: =2*Tablo244[[#This Row],[SMYS Psi]]*Tablo244[[#This Row],[Et Kalınlığı 3]]/Tablo244[[#This Row],[ÇAP mm]]/14.50377 | M46: 19.1 | N46: =2*Tablo244[[#This Row],[SMYS Psi]]*Tablo244[[#This Row],[Et Kalınlığı 4]]/Tablo244[[#This Row],[ÇAP mm]]/14.50377 | O46: 20.6 | P46: =2*Tablo244[[#This Row],[SMYS Psi]]*Tablo244[[#This Row],[Et Kalınlığı 5]]/Tablo244[[#This Row],[ÇAP mm]]/14.50377 | Q46: =Tablo244[[#This Row],[ÇAP mm]]+1.6 | R46: =Tablo244[[#This Row],[ÇAP mm]]-1.6 | S46: =IF(Tablo244[[#This Row],[ÇAP mm]]*0.005-4<0,Tablo244[[#This Row],[ÇAP mm]]*1.005,Tablo244[[#This Row],[ÇAP mm]]+4) | T46: =IF(Tablo244[[#This Row],[ÇAP mm]]*0.005-4<0,Tablo244[[#This Row],[ÇAP mm]]*0.995,Tablo244[[#This Row],[ÇAP mm]]-4) | U46: =Tablo244[[#This Row],[ÇAP mm]]/Tablo244[[#This Row],[Et Kalınlığı ]] | V46: =Tablo244[[#This Row],[ÇAP mm]]/Tablo244[[#This Row],[Et Kalınlığı 2]] | W46: =Tablo244[[#This Row],[ÇAP mm]]/Tablo244[[#This Row],[Et Kalınlığı 3]] | X46: =Tablo244[[#This Row],[ÇAP mm]]/Tablo244[[#This Row],[Et Kalınlığı 4]] | Y46: =Tablo244[[#This Row],[ÇAP mm]]/Tablo244[[#This Row],[Et Kalınlığı 5]] | Z46: =IF(Tablo244[[#This Row],[ÇAP mm]]/Tablo244[[#This Row],[Et Kalınlığı ]]<75,Tablo244[[#This Row],[ÇAP mm]]*0.01/2,"Anlaşmaya bağlıdır.") | AA46: =IF(Tablo244[[#This Row],[ÇAP mm]]/Tablo244[[#This Row],[Et Kalınlığı ]]<75,Tablo244[[#This Row],[ÇAP mm]]*0.015/2,"Anlaşmaya bağlıdır.") | AB46: =IF(Tablo244[[#This Row],[ÇAP mm]]/Tablo244[[#This Row],[Et Kalınlığı 2]]<75,Tablo244[[#This Row],[ÇAP mm]]*0.01/2,"Anlaşmaya bağlıdır.") | AC46: =IF(Tablo244[[#This Row],[ÇAP mm]]/Tablo244[[#This Row],[Et Kalınlığı 2]]<75,Tablo244[[#This Row],[ÇAP mm]]*0.015,"Anlaşmaya bağlıdır.") | AD46: =IF(Tablo244[[#This Row],[ÇAP mm]]/Tablo244[[#This Row],[Et Kalınlığı 3]]<75,Tablo244[[#This Row],[ÇAP mm]]*0.01/2,"Anlaşmaya bağlıdır.") | AE46: =IF(Tablo244[[#This Row],[ÇAP mm]]/Tablo244[[#This Row],[Et Kalınlığı 3]]<75,Tablo244[[#This Row],[ÇAP mm]]*0.015,"Anlaşmaya bağlıdır.") | AF46: =IF(Tablo244[[#This Row],[ÇAP mm]]/Tablo244[[#This Row],[Et Kalınlığı 4]]<75,Tablo244[[#This Row],[ÇAP mm]]*0.015/2,"Anlaşmaya bağlıdır.") | AG46: =IF(Tablo244[[#This Row],[ÇAP mm]]/Tablo244[[#This Row],[Et Kalınlığı 4]]<75,Tablo244[[#This Row],[ÇAP mm]]*0.015,"Anlaşmaya bağlıdır.") | AH46: =IF(Tablo244[[#This Row],[ÇAP mm]]/Tablo244[[#This Row],[Et Kalınlığı 4]]<75,Tablo244[[#This Row],[ÇAP mm]]*0.015/2,"Anlaşmaya bağlıdır.") | AI46: =IF(Tablo244[[#This Row],[ÇAP mm]]/Tablo244[[#This Row],[Et Kalınlığı 5]]<75,Tablo244[[#This Row],[ÇAP mm]]*0.015,"Anlaşmaya bağlıdır.") | AJ46: =IF(40*Tablo244[[#This Row],[Et Kalınlığı ]]<485,Tablo244[[#This Row],[Et Kalınlığı ]]*40,485) | AK46: =1940*POWER(ROUND(AJ46,-1),0.2)/POWER(Tablo244[[#This Row],[Tensile Mpa]],0.9) | AL46: =IF(40*Tablo244[[#This Row],[Et Kalınlığı 2]]<485,Tablo244[[#This Row],[Et Kalınlığı ]]*40,485) | AM46: =1940*POWER(ROUND(Tablo151[[#This Row],[Axc mm22]],-1),0.2)/POWER(Tablo244[[#This Row],[Tensile Mpa]],0.9) | AN46: =IF(40*Tablo244[[#This Row],[Et Kalınlığı 3]]<485,Tablo244[[#This Row],[Et Kalınlığı ]]*40,485) | AO46: =1940*POWER(ROUND(Tablo151[[#This Row],[Axc mm23]],-1),0.2)/POWER(Tablo244[[#This Row],[Tensile Mpa]],0.9) | AP46: =IF(40*Tablo244[[#This Row],[Et Kalınlığı 4]]<485,Tablo244[[#This Row],[Et Kalınlığı 4]]*40,485) | AQ46: =1940*POWER(ROUND(Tablo151[[#This Row],[Axc mm24]],-1),0.2)/POWER(Tablo244[[#This Row],[Tensile Mpa]],0.9) | AR46: =IF(40*Tablo244[[#This Row],[Et Kalınlığı 5]]<485,Tablo244[[#This Row],[Et Kalınlığı 4]]*40,485) | AS46: =1940*POWER(ROUND(Tablo151[[#This Row],[Axc mm25]],-1),0.2)/POWER(Tablo244[[#This Row],[Tensile Mpa]],0.9)
B47: 42" | C47: 1067 | D47: X65 | E47: 65300 | F47: 535 | G47: 12.7 | H47: =2*Tablo244[[#This Row],[SMYS Psi]]*Tablo244[[#This Row],[Et Kalınlığı ]]/Tablo244[[#This Row],[ÇAP mm]]/14.50377 | I47: 15.9 | J47: =2*Tablo244[[#This Row],[SMYS Psi]]*Tablo244[[#This Row],[Et Kalınlığı 2]]/Tablo244[[#This Row],[ÇAP mm]]/14.50377 | K47: 19.1 | L47: =2*Tablo244[[#This Row],[SMYS Psi]]*Tablo244[[#This Row],[Et Kalınlığı 3]]/Tablo244[[#This Row],[ÇAP mm]]/14.50377 | M47: 20.6 | N47: =2*Tablo244[[#This Row],[SMYS Psi]]*Tablo244[[#This Row],[Et Kalınlığı 4]]/Tablo244[[#This Row],[ÇAP mm]]/14.50377 | O47: 22.2 | P47: =2*Tablo244[[#This Row],[SMYS Psi]]*Tablo244[[#This Row],[Et Kalınlığı 5]]/Tablo244[[#This Row],[ÇAP mm]]/14.50377 | Q47: =Tablo244[[#This Row],[ÇAP mm]]+1.6 | R47: =Tablo244[[#This Row],[ÇAP mm]]-1.6 | S47: =IF(Tablo244[[#This Row],[ÇAP mm]]*0.005-4<0,Tablo244[[#This Row],[ÇAP mm]]*1.005,Tablo244[[#This Row],[ÇAP mm]]+4) | T47: =IF(Tablo244[[#This Row],[ÇAP mm]]*0.005-4<0,Tablo244[[#This Row],[ÇAP mm]]*0.995,Tablo244[[#This Row],[ÇAP mm]]-4) | U47: =Tablo244[[#This Row],[ÇAP mm]]/Tablo244[[#This Row],[Et Kalınlığı ]] | V47: =Tablo244[[#This Row],[ÇAP mm]]/Tablo244[[#This Row],[Et Kalınlığı 2]] | W47: =Tablo244[[#This Row],[ÇAP mm]]/Tablo244[[#This Row],[Et Kalınlığı 3]] | X47: =Tablo244[[#This Row],[ÇAP mm]]/Tablo244[[#This Row],[Et Kalınlığı 4]] | Y47: =Tablo244[[#This Row],[ÇAP mm]]/Tablo244[[#This Row],[Et Kalınlığı 5]] | Z47: =IF(Tablo244[[#This Row],[ÇAP mm]]/Tablo244[[#This Row],[Et Kalınlığı ]]<75,Tablo244[[#This Row],[ÇAP mm]]*0.01/2,"Anlaşmaya bağlıdır.") | AA47: =IF(Tablo244[[#This Row],[ÇAP mm]]/Tablo244[[#This Row],[Et Kalınlığı ]]<75,Tablo244[[#This Row],[ÇAP mm]]*0.015/2,"Anlaşmaya bağlıdır.") | AB47: =IF(Tablo244[[#This Row],[ÇAP mm]]/Tablo244[[#This Row],[Et Kalınlığı 2]]<75,Tablo244[[#This Row],[ÇAP mm]]*0.01/2,"Anlaşmaya bağlıdır.") | AC47: =IF(Tablo244[[#This Row],[ÇAP mm]]/Tablo244[[#This Row],[Et Kalınlığı 2]]<75,Tablo244[[#This Row],[ÇAP mm]]*0.015,"Anlaşmaya bağlıdır.") | AD47: =IF(Tablo244[[#This Row],[ÇAP mm]]/Tablo244[[#This Row],[Et Kalınlığı 3]]<75,Tablo244[[#This Row],[ÇAP mm]]*0.01/2,"Anlaşmaya bağlıdır.") | AE47: =IF(Tablo244[[#This Row],[ÇAP mm]]/Tablo244[[#This Row],[Et Kalınlığı 3]]<75,Tablo244[[#This Row],[ÇAP mm]]*0.015,"Anlaşmaya bağlıdır.") | AF47: =IF(Tablo244[[#This Row],[ÇAP mm]]/Tablo244[[#This Row],[Et Kalınlığı 4]]<75,Tablo244[[#This Row],[ÇAP mm]]*0.015/2,"Anlaşmaya bağlıdır.") | AG47: =IF(Tablo244[[#This Row],[ÇAP mm]]/Tablo244[[#This Row],[Et Kalınlığı 4]]<75,Tablo244[[#This Row],[ÇAP mm]]*0.015,"Anlaşmaya bağlıdır.") | AH47: =IF(Tablo244[[#This Row],[ÇAP mm]]/Tablo244[[#This Row],[Et Kalınlığı 4]]<75,Tablo244[[#This Row],[ÇAP mm]]*0.015/2,"Anlaşmaya bağlıdır.") | AI47: =IF(Tablo244[[#This Row],[ÇAP mm]]/Tablo244[[#This Row],[Et Kalınlığı 5]]<75,Tablo244[[#This Row],[ÇAP mm]]*0.015,"Anlaşmaya bağlıdır.") | AJ47: =IF(40*Tablo244[[#This Row],[Et Kalınlığı ]]<485,Tablo244[[#This Row],[Et Kalınlığı ]]*40,485) | AK47: =1940*POWER(ROUND(AJ47,-1),0.2)/POWER(Tablo244[[#This Row],[Tensile Mpa]],0.9) | AL47: =IF(40*Tablo244[[#This Row],[Et Kalınlığı 2]]<485,Tablo244[[#This Row],[Et Kalınlığı ]]*40,485) | AM47: =1940*POWER(ROUND(Tablo151[[#This Row],[Axc mm22]],-1),0.2)/POWER(Tablo244[[#This Row],[Tensile Mpa]],0.9) | AN47: =IF(40*Tablo244[[#This Row],[Et Kalınlığı 3]]<485,Tablo244[[#This Row],[Et Kalınlığı ]]*40,485) | AO47: =1940*POWER(ROUND(Tablo151[[#This Row],[Axc mm23]],-1),0.2)/POWER(Tablo244[[#This Row],[Tensile Mpa]],0.9) | AP47: =IF(40*Tablo244[[#This Row],[Et Kalınlığı 4]]<485,Tablo244[[#This Row],[Et Kalınlığı 4]]*40,485) | AQ47: =1940*POWER(ROUND(Tablo151[[#This Row],[Axc mm24]],-1),0.2)/POWER(Tablo244[[#This Row],[Tensile Mpa]],0.9) | AR47: =IF(40*Tablo244[[#This Row],[Et Kalınlığı 5]]<485,Tablo244[[#This Row],[Et Kalınlığı 4]]*40,485) | AS47: =1940*POWER(ROUND(Tablo151[[#This Row],[Axc mm25]],-1),0.2)/POWER(Tablo244[[#This Row],[Tensile Mpa]],0.9)
B48: 44" | C48: 1118 | D48: X65 | E48: 65300 | F48: 535 | G48: 14.3 | H48: =2*Tablo244[[#This Row],[SMYS Psi]]*Tablo244[[#This Row],[Et Kalınlığı ]]/Tablo244[[#This Row],[ÇAP mm]]/14.50377 | I48: 15.9 | J48: =2*Tablo244[[#This Row],[SMYS Psi]]*Tablo244[[#This Row],[Et Kalınlığı 2]]/Tablo244[[#This Row],[ÇAP mm]]/14.50377 | K48: 19.1 | L48: =2*Tablo244[[#This Row],[SMYS Psi]]*Tablo244[[#This Row],[Et Kalınlığı 3]]/Tablo244[[#This Row],[ÇAP mm]]/14.50377 | M48: 20.6 | N48: =2*Tablo244[[#This Row],[SMYS Psi]]*Tablo244[[#This Row],[Et Kalınlığı 4]]/Tablo244[[#This Row],[ÇAP mm]]/14.50377 | O48: 22.2 | P48: =2*Tablo244[[#This Row],[SMYS Psi]]*Tablo244[[#This Row],[Et Kalınlığı 5]]/Tablo244[[#This Row],[ÇAP mm]]/14.50377 | Q48: =Tablo244[[#This Row],[ÇAP mm]]+1.6 | R48: =Tablo244[[#This Row],[ÇAP mm]]-1.6 | S48: =IF(Tablo244[[#This Row],[ÇAP mm]]*0.005-4<0,Tablo244[[#This Row],[ÇAP mm]]*1.005,Tablo244[[#This Row],[ÇAP mm]]+4) | T48: =IF(Tablo244[[#This Row],[ÇAP mm]]*0.005-4<0,Tablo244[[#This Row],[ÇAP mm]]*0.995,Tablo244[[#This Row],[ÇAP mm]]-4) | U48: =Tablo244[[#This Row],[ÇAP mm]]/Tablo244[[#This Row],[Et Kalınlığı ]] | V48: =Tablo244[[#This Row],[ÇAP mm]]/Tablo244[[#This Row],[Et Kalınlığı 2]] | W48: =Tablo244[[#This Row],[ÇAP mm]]/Tablo244[[#This Row],[Et Kalınlığı 3]] | X48: =Tablo244[[#This Row],[ÇAP mm]]/Tablo244[[#This Row],[Et Kalınlığı 4]] | Y48: =Tablo244[[#This Row],[ÇAP mm]]/Tablo244[[#This Row],[Et Kalınlığı 5]] | Z48: =IF(Tablo244[[#This Row],[ÇAP mm]]/Tablo244[[#This Row],[Et Kalınlığı ]]<75,Tablo244[[#This Row],[ÇAP mm]]*0.01/2,"Anlaşmaya bağlıdır.") | AA48: =IF(Tablo244[[#This Row],[ÇAP mm]]/Tablo244[[#This Row],[Et Kalınlığı ]]<75,Tablo244[[#This Row],[ÇAP mm]]*0.015/2,"Anlaşmaya bağlıdır.") | AB48: =IF(Tablo244[[#This Row],[ÇAP mm]]/Tablo244[[#This Row],[Et Kalınlığı 2]]<75,Tablo244[[#This Row],[ÇAP mm]]*0.01/2,"Anlaşmaya bağlıdır.") | AC48: =IF(Tablo244[[#This Row],[ÇAP mm]]/Tablo244[[#This Row],[Et Kalınlığı 2]]<75,Tablo244[[#This Row],[ÇAP mm]]*0.015,"Anlaşmaya bağlıdır.") | AD48: =IF(Tablo244[[#This Row],[ÇAP mm]]/Tablo244[[#This Row],[Et Kalınlığı 3]]<75,Tablo244[[#This Row],[ÇAP mm]]*0.01/2,"Anlaşmaya bağlıdır.") | AE48: =IF(Tablo244[[#This Row],[ÇAP mm]]/Tablo244[[#This Row],[Et Kalınlığı 3]]<75,Tablo244[[#This Row],[ÇAP mm]]*0.015,"Anlaşmaya bağlıdır.") | AF48: =IF(Tablo244[[#This Row],[ÇAP mm]]/Tablo244[[#This Row],[Et Kalınlığı 4]]<75,Tablo244[[#This Row],[ÇAP mm]]*0.015/2,"Anlaşmaya bağlıdır.") | AG48: =IF(Tablo244[[#This Row],[ÇAP mm]]/Tablo244[[#This Row],[Et Kalınlığı 4]]<75,Tablo244[[#This Row],[ÇAP mm]]*0.015,"Anlaşmaya bağlıdır.") | AH48: =IF(Tablo244[[#This Row],[ÇAP mm]]/Tablo244[[#This Row],[Et Kalınlığı 4]]<75,Tablo244[[#This Row],[ÇAP mm]]*0.015/2,"Anlaşmaya bağlıdır.") | AI48: =IF(Tablo244[[#This Row],[ÇAP mm]]/Tablo244[[#This Row],[Et Kalınlığı 5]]<75,Tablo244[[#This Row],[ÇAP mm]]*0.015,"Anlaşmaya bağlıdır.") | AJ48: =IF(40*Tablo244[[#This Row],[Et Kalınlığı ]]<485,Tablo244[[#This Row],[Et Kalınlığı ]]*40,485) | AK48: =1940*POWER(ROUND(AJ48,-1),0.2)/POWER(Tablo244[[#This Row],[Tensile Mpa]],0.9) | AL48: =IF(40*Tablo244[[#This Row],[Et Kalınlığı 2]]<485,Tablo244[[#This Row],[Et Kalınlığı ]]*40,485) | AM48: =1940*POWER(ROUND(Tablo151[[#This Row],[Axc mm22]],-1),0.2)/POWER(Tablo244[[#This Row],[Tensile Mpa]],0.9) | AN48: =IF(40*Tablo244[[#This Row],[Et Kalınlığı 3]]<485,Tablo244[[#This Row],[Et Kalınlığı ]]*40,485) | AO48: =1940*POWER(ROUND(Tablo151[[#This Row],[Axc mm23]],-1),0.2)/POWER(Tablo244[[#This Row],[Tensile Mpa]],0.9) | AP48: =IF(40*Tablo244[[#This Row],[Et Kalınlığı 4]]<485,Tablo244[[#This Row],[Et Kalınlığı 4]]*40,485) | AQ48: =1940*POWER(ROUND(Tablo151[[#This Row],[Axc mm24]],-1),0.2)/POWER(Tablo244[[#This Row],[Tensile Mpa]],0.9) | AR48: =IF(40*Tablo244[[#This Row],[Et Kalınlığı 5]]<485,Tablo244[[#This Row],[Et Kalınlığı 4]]*40,485) | AS48: =1940*POWER(ROUND(Tablo151[[#This Row],[Axc mm25]],-1),0.2)/POWER(Tablo244[[#This Row],[Tensile Mpa]],0.9)
B49: 46" | C49: 1168 | D49: X65 | E49: 65300 | F49: 535 | G49: 14.3 | H49: =2*Tablo244[[#This Row],[SMYS Psi]]*Tablo244[[#This Row],[Et Kalınlığı ]]/Tablo244[[#This Row],[ÇAP mm]]/14.50377 | I49: 17.5 | J49: =2*Tablo244[[#This Row],[SMYS Psi]]*Tablo244[[#This Row],[Et Kalınlığı 2]]/Tablo244[[#This Row],[ÇAP mm]]/14.50377 | K49: 20.6 | L49: =2*Tablo244[[#This Row],[SMYS Psi]]*Tablo244[[#This Row],[Et Kalınlığı 3]]/Tablo244[[#This Row],[ÇAP mm]]/14.50377 | M49: 22.2 | N49: =2*Tablo244[[#This Row],[SMYS Psi]]*Tablo244[[#This Row],[Et Kalınlığı 4]]/Tablo244[[#This Row],[ÇAP mm]]/14.50377 | O49: 23.8 | P49: =2*Tablo244[[#This Row],[SMYS Psi]]*Tablo244[[#This Row],[Et Kalınlığı 5]]/Tablo244[[#This Row],[ÇAP mm]]/14.50377 | Q49: =Tablo244[[#This Row],[ÇAP mm]]+1.6 | R49: =Tablo244[[#This Row],[ÇAP mm]]-1.6 | S49: =IF(Tablo244[[#This Row],[ÇAP mm]]*0.005-4<0,Tablo244[[#This Row],[ÇAP mm]]*1.005,Tablo244[[#This Row],[ÇAP mm]]+4) | T49: =IF(Tablo244[[#This Row],[ÇAP mm]]*0.005-4<0,Tablo244[[#This Row],[ÇAP mm]]*0.995,Tablo244[[#This Row],[ÇAP mm]]-4) | U49: =Tablo244[[#This Row],[ÇAP mm]]/Tablo244[[#This Row],[Et Kalınlığı ]] | V49: =Tablo244[[#This Row],[ÇAP mm]]/Tablo244[[#This Row],[Et Kalınlığı 2]] | W49: =Tablo244[[#This Row],[ÇAP mm]]/Tablo244[[#This Row],[Et Kalınlığı 3]] | X49: =Tablo244[[#This Row],[ÇAP mm]]/Tablo244[[#This Row],[Et Kalınlığı 4]] | Y49: =Tablo244[[#This Row],[ÇAP mm]]/Tablo244[[#This Row],[Et Kalınlığı 5]] | Z49: =IF(Tablo244[[#This Row],[ÇAP mm]]/Tablo244[[#This Row],[Et Kalınlığı ]]<75,Tablo244[[#This Row],[ÇAP mm]]*0.01/2,"Anlaşmaya bağlıdır.") | AA49: =IF(Tablo244[[#This Row],[ÇAP mm]]/Tablo244[[#This Row],[Et Kalınlığı ]]<75,Tablo244[[#This Row],[ÇAP mm]]*0.015/2,"Anlaşmaya bağlıdır.") | AB49: =IF(Tablo244[[#This Row],[ÇAP mm]]/Tablo244[[#This Row],[Et Kalınlığı 2]]<75,Tablo244[[#This Row],[ÇAP mm]]*0.01/2,"Anlaşmaya bağlıdır.") | AC49: =IF(Tablo244[[#This Row],[ÇAP mm]]/Tablo244[[#This Row],[Et Kalınlığı 2]]<75,Tablo244[[#This Row],[ÇAP mm]]*0.015,"Anlaşmaya bağlıdır.") | AD49: =IF(Tablo244[[#This Row],[ÇAP mm]]/Tablo244[[#This Row],[Et Kalınlığı 3]]<75,Tablo244[[#This Row],[ÇAP mm]]*0.01/2,"Anlaşmaya bağlıdır.") | AE49: =IF(Tablo244[[#This Row],[ÇAP mm]]/Tablo244[[#This Row],[Et Kalınlığı 3]]<75,Tablo244[[#This Row],[ÇAP mm]]*0.015,"Anlaşmaya bağlıdır.") | AF49: =IF(Tablo244[[#This Row],[ÇAP mm]]/Tablo244[[#This Row],[Et Kalınlığı 4]]<75,Tablo244[[#This Row],[ÇAP mm]]*0.015/2,"Anlaşmaya bağlıdır.") | AG49: =IF(Tablo244[[#This Row],[ÇAP mm]]/Tablo244[[#This Row],[Et Kalınlığı 4]]<75,Tablo244[[#This Row],[ÇAP mm]]*0.015,"Anlaşmaya bağlıdır.") | AH49: =IF(Tablo244[[#This Row],[ÇAP mm]]/Tablo244[[#This Row],[Et Kalınlığı 4]]<75,Tablo244[[#This Row],[ÇAP mm]]*0.015/2,"Anlaşmaya bağlıdır.") | AI49: =IF(Tablo244[[#This Row],[ÇAP mm]]/Tablo244[[#This Row],[Et Kalınlığı 5]]<75,Tablo244[[#This Row],[ÇAP mm]]*0.015,"Anlaşmaya bağlıdır.") | AJ49: =IF(40*Tablo244[[#This Row],[Et Kalınlığı ]]<485,Tablo244[[#This Row],[Et Kalınlığı ]]*40,485) | AK49: =1940*POWER(ROUND(AJ49,-1),0.2)/POWER(Tablo244[[#This Row],[Tensile Mpa]],0.9) | AL49: =IF(40*Tablo244[[#This Row],[Et Kalınlığı 2]]<485,Tablo244[[#This Row],[Et Kalınlığı ]]*40,485) | AM49: =1940*POWER(ROUND(Tablo151[[#This Row],[Axc mm22]],-1),0.2)/POWER(Tablo244[[#This Row],[Tensile Mpa]],0.9) | AN49: =IF(40*Tablo244[[#This Row],[Et Kalınlığı 3]]<485,Tablo244[[#This Row],[Et Kalınlığı ]]*40,485) | AO49: =1940*POWER(ROUND(Tablo151[[#This Row],[Axc mm23]],-1),0.2)/POWER(Tablo244[[#This Row],[Tensile Mpa]],0.9) | AP49: =IF(40*Tablo244[[#This Row],[Et Kalınlığı 4]]<485,Tablo244[[#This Row],[Et Kalınlığı 4]]*40,485) | AQ49: =1940*POWER(ROUND(Tablo151[[#This Row],[Axc mm24]],-1),0.2)/POWER(Tablo244[[#This Row],[Tensile Mpa]],0.9) | AR49: =IF(40*Tablo244[[#This Row],[Et Kalınlığı 5]]<485,Tablo244[[#This Row],[Et Kalınlığı 4]]*40,485) | AS49: =1940*POWER(ROUND(Tablo151[[#This Row],[Axc mm25]],-1),0.2)/POWER(Tablo244[[#This Row],[Tensile Mpa]],0.9)
B50: 48" | C50: 1219 | D50: X65 | E50: 65300 | F50: 535 | G50: 14.3 | H50: =2*Tablo244[[#This Row],[SMYS Psi]]*Tablo244[[#This Row],[Et Kalınlığı ]]/Tablo244[[#This Row],[ÇAP mm]]/14.50377 | I50: 17.5 | J50: =2*Tablo244[[#This Row],[SMYS Psi]]*Tablo244[[#This Row],[Et Kalınlığı 2]]/Tablo244[[#This Row],[ÇAP mm]]/14.50377 | K50: 20.6 | L50: =2*Tablo244[[#This Row],[SMYS Psi]]*Tablo244[[#This Row],[Et Kalınlığı 3]]/Tablo244[[#This Row],[ÇAP mm]]/14.50377 | M50: 22.2 | N50: =2*Tablo244[[#This Row],[SMYS Psi]]*Tablo244[[#This Row],[Et Kalınlığı 4]]/Tablo244[[#This Row],[ÇAP mm]]/14.50377 | O50: 23.8 | P50: =2*Tablo244[[#This Row],[SMYS Psi]]*Tablo244[[#This Row],[Et Kalınlığı 5]]/Tablo244[[#This Row],[ÇAP mm]]/14.50377 | Q50: =Tablo244[[#This Row],[ÇAP mm]]+1.6 | R50: =Tablo244[[#This Row],[ÇAP mm]]-1.6 | S50: =IF(Tablo244[[#This Row],[ÇAP mm]]*0.005-4<0,Tablo244[[#This Row],[ÇAP mm]]*1.005,Tablo244[[#This Row],[ÇAP mm]]+4) | T50: =IF(Tablo244[[#This Row],[ÇAP mm]]*0.005-4<0,Tablo244[[#This Row],[ÇAP mm]]*0.995,Tablo244[[#This Row],[ÇAP mm]]-4) | U50: =Tablo244[[#This Row],[ÇAP mm]]/Tablo244[[#This Row],[Et Kalınlığı ]] | V50: =Tablo244[[#This Row],[ÇAP mm]]/Tablo244[[#This Row],[Et Kalınlığı 2]] | W50: =Tablo244[[#This Row],[ÇAP mm]]/Tablo244[[#This Row],[Et Kalınlığı 3]] | X50: =Tablo244[[#This Row],[ÇAP mm]]/Tablo244[[#This Row],[Et Kalınlığı 4]] | Y50: =Tablo244[[#This Row],[ÇAP mm]]/Tablo244[[#This Row],[Et Kalınlığı 5]] | Z50: =IF(Tablo244[[#This Row],[ÇAP mm]]/Tablo244[[#This Row],[Et Kalınlığı ]]<75,Tablo244[[#This Row],[ÇAP mm]]*0.01/2,"Anlaşmaya bağlıdır.") | AA50: =IF(Tablo244[[#This Row],[ÇAP mm]]/Tablo244[[#This Row],[Et Kalınlığı ]]<75,Tablo244[[#This Row],[ÇAP mm]]*0.015/2,"Anlaşmaya bağlıdır.") | AB50: =IF(Tablo244[[#This Row],[ÇAP mm]]/Tablo244[[#This Row],[Et Kalınlığı 2]]<75,Tablo244[[#This Row],[ÇAP mm]]*0.01/2,"Anlaşmaya bağlıdır.") | AC50: =IF(Tablo244[[#This Row],[ÇAP mm]]/Tablo244[[#This Row],[Et Kalınlığı 2]]<75,Tablo244[[#This Row],[ÇAP mm]]*0.015,"Anlaşmaya bağlıdır.") | AD50: =IF(Tablo244[[#This Row],[ÇAP mm]]/Tablo244[[#This Row],[Et Kalınlığı 3]]<75,Tablo244[[#This Row],[ÇAP mm]]*0.01/2,"Anlaşmaya bağlıdır.") | AE50: =IF(Tablo244[[#This Row],[ÇAP mm]]/Tablo244[[#This Row],[Et Kalınlığı 3]]<75,Tablo244[[#This Row],[ÇAP mm]]*0.015,"Anlaşmaya bağlıdır.") | AF50: =IF(Tablo244[[#This Row],[ÇAP mm]]/Tablo244[[#This Row],[Et Kalınlığı 4]]<75,Tablo244[[#This Row],[ÇAP mm]]*0.015/2,"Anlaşmaya bağlıdır.") | AG50: =IF(Tablo244[[#This Row],[ÇAP mm]]/Tablo244[[#This Row],[Et Kalınlığı 4]]<75,Tablo244[[#This Row],[ÇAP mm]]*0.015,"Anlaşmaya bağlıdır.") | AH50: =IF(Tablo244[[#This Row],[ÇAP mm]]/Tablo244[[#This Row],[Et Kalınlığı 4]]<75,Tablo244[[#This Row],[ÇAP mm]]*0.015/2,"Anlaşmaya bağlıdır.") | AI50: =IF(Tablo244[[#This Row],[ÇAP mm]]/Tablo244[[#This Row],[Et Kalınlığı 5]]<75,Tablo244[[#This Row],[ÇAP mm]]*0.015,"Anlaşmaya bağlıdır.") | AJ50: =IF(40*Tablo244[[#This Row],[Et Kalınlığı ]]<485,Tablo244[[#This Row],[Et Kalınlığı ]]*40,485) | AK50: =1940*POWER(ROUND(AJ50,-1),0.2)/POWER(Tablo244[[#This Row],[Tensile Mpa]],0.9) | AL50: =IF(40*Tablo244[[#This Row],[Et Kalınlığı 2]]<485,Tablo244[[#This Row],[Et Kalınlığı ]]*40,485) | AM50: =1940*POWER(ROUND(Tablo151[[#This Row],[Axc mm22]],-1),0.2)/POWER(Tablo244[[#This Row],[Tensile Mpa]],0.9) | AN50: =IF(40*Tablo244[[#This Row],[Et Kalınlığı 3]]<485,Tablo244[[#This Row],[Et Kalınlığı ]]*40,485) | AO50: =1940*POWER(ROUND(Tablo151[[#This Row],[Axc mm23]],-1),0.2)/POWER(Tablo244[[#This Row],[Tensile Mpa]],0.9) | AP50: =IF(40*Tablo244[[#This Row],[Et Kalınlığı 4]]<485,Tablo244[[#This Row],[Et Kalınlığı 4]]*40,485) | AQ50: =1940*POWER(ROUND(Tablo151[[#This Row],[Axc mm24]],-1),0.2)/POWER(Tablo244[[#This Row],[Tensile Mpa]],0.9) | AR50: =IF(40*Tablo244[[#This Row],[Et Kalınlığı 5]]<485,Tablo244[[#This Row],[Et Kalınlığı 4]]*40,485) | AS50: =1940*POWER(ROUND(Tablo151[[#This Row],[Axc mm25]],-1),0.2)/POWER(Tablo244[[#This Row],[Tensile Mpa]],0.9)
B51: 52" | C51: 1321 | D51: X65 | E51: 65300 | F51: 535 | G51: 15.9 | H51: 108.22142 | I51: 19.1 | J51: 129.82482 | K51: 22.2 | L51: 151.49636 | M51: 23.8 | N51: 162.40029 | O51: 27 | P51: =2*Tablo244[[#This Row],[SMYS Psi]]*Tablo244[[#This Row],[Et Kalınlığı 5]]/Tablo244[[#This Row],[ÇAP mm]]/14.50377 | Q51: =Tablo244[[#This Row],[ÇAP mm]]+1.6 | R51: =Tablo244[[#This Row],[ÇAP mm]]-1.6 | S51: =IF(Tablo244[[#This Row],[ÇAP mm]]*0.005-4<0,Tablo244[[#This Row],[ÇAP mm]]*1.005,Tablo244[[#This Row],[ÇAP mm]]+4) | T51: =IF(Tablo244[[#This Row],[ÇAP mm]]*0.005-4<0,Tablo244[[#This Row],[ÇAP mm]]*0.995,Tablo244[[#This Row],[ÇAP mm]]-4) | U51: =Tablo244[[#This Row],[ÇAP mm]]/Tablo244[[#This Row],[Et Kalınlığı ]] | V51: =Tablo244[[#This Row],[ÇAP mm]]/Tablo244[[#This Row],[Et Kalınlığı 2]] | W51: =Tablo244[[#This Row],[ÇAP mm]]/Tablo244[[#This Row],[Et Kalınlığı 3]] | X51: =Tablo244[[#This Row],[ÇAP mm]]/Tablo244[[#This Row],[Et Kalınlığı 4]] | Y51: =Tablo244[[#This Row],[ÇAP mm]]/Tablo244[[#This Row],[Et Kalınlığı 5]] | Z51: =IF(Tablo244[[#This Row],[ÇAP mm]]/Tablo244[[#This Row],[Et Kalınlığı ]]<75,Tablo244[[#This Row],[ÇAP mm]]*0.01/2,"Anlaşmaya bağlıdır.") | AA51: =IF(Tablo244[[#This Row],[ÇAP mm]]/Tablo244[[#This Row],[Et Kalınlığı ]]<75,Tablo244[[#This Row],[ÇAP mm]]*0.015/2,"Anlaşmaya bağlıdır.") | AB51: =IF(Tablo244[[#This Row],[ÇAP mm]]/Tablo244[[#This Row],[Et Kalınlığı 2]]<75,Tablo244[[#This Row],[ÇAP mm]]*0.01/2,"Anlaşmaya bağlıdır.") | AC51: =IF(Tablo244[[#This Row],[ÇAP mm]]/Tablo244[[#This Row],[Et Kalınlığı 2]]<75,Tablo244[[#This Row],[ÇAP mm]]*0.015,"Anlaşmaya bağlıdır.") | AD51: =IF(Tablo244[[#This Row],[ÇAP mm]]/Tablo244[[#This Row],[Et Kalınlığı 3]]<75,Tablo244[[#This Row],[ÇAP mm]]*0.01/2,"Anlaşmaya bağlıdır.") | AE51: =IF(Tablo244[[#This Row],[ÇAP mm]]/Tablo244[[#This Row],[Et Kalınlığı 3]]<75,Tablo244[[#This Row],[ÇAP mm]]*0.015,"Anlaşmaya bağlıdır.") | AF51: =IF(Tablo244[[#This Row],[ÇAP mm]]/Tablo244[[#This Row],[Et Kalınlığı 4]]<75,Tablo244[[#This Row],[ÇAP mm]]*0.015/2,"Anlaşmaya bağlıdır.") | AG51: =IF(Tablo244[[#This Row],[ÇAP mm]]/Tablo244[[#This Row],[Et Kalınlığı 4]]<75,Tablo244[[#This Row],[ÇAP mm]]*0.015,"Anlaşmaya bağlıdır.") | AH51: =IF(Tablo244[[#This Row],[ÇAP mm]]/Tablo244[[#This Row],[Et Kalınlığı 4]]<75,Tablo244[[#This Row],[ÇAP mm]]*0.015/2,"Anlaşmaya bağlıdır.") | AI51: =IF(Tablo244[[#This Row],[ÇAP mm]]/Tablo244[[#This Row],[Et Kalınlığı 5]]<75,Tablo244[[#This Row],[ÇAP mm]]*0.015,"Anlaşmaya bağlıdır.") | AJ51: =IF(40*Tablo244[[#This Row],[Et Kalınlığı ]]<485,Tablo244[[#This Row],[Et Kalınlığı ]]*40,485) | AK51: =1940*POWER(ROUND(AJ51,-1),0.2)/POWER(Tablo244[[#This Row],[Tensile Mpa]],0.9) | AL51: =IF(40*Tablo244[[#This Row],[Et Kalınlığı 2]]<485,Tablo244[[#This Row],[Et Kalınlığı ]]*40,485) | AM51: =1940*POWER(ROUND(Tablo151[[#This Row],[Axc mm22]],-1),0.2)/POWER(Tablo244[[#This Row],[Tensile Mpa]],0.9) | AN51: =IF(40*Tablo244[[#This Row],[Et Kalınlığı 3]]<485,Tablo244[[#This Row],[Et Kalınlığı ]]*40,485) | AO51: =1940*POWER(ROUND(Tablo151[[#This Row],[Axc mm23]],-1),0.2)/POWER(Tablo244[[#This Row],[Tensile Mpa]],0.9) | AP51: =IF(40*Tablo244[[#This Row],[Et Kalınlığı 4]]<485,Tablo244[[#This Row],[Et Kalınlığı 4]]*40,485) | AQ51: =1940*POWER(ROUND(Tablo151[[#This Row],[Axc mm24]],-1),0.2)/POWER(Tablo244[[#This Row],[Tensile Mpa]],0.9) | AR51: =IF(40*Tablo244[[#This Row],[Et Kalınlığı 5]]<485,Tablo244[[#This Row],[Et Kalınlığı 4]]*40,485) | AS51: =1940*POWER(ROUND(Tablo151[[#This Row],[Axc mm25]],-1),0.2)/POWER(Tablo244[[#This Row],[Tensile Mpa]],0.9)
B52: 56" | C52: 1422 | D52: X65 | E52: 65300 | F52: 535 | G52: 17.5 | H52: 110.66426 | I52: 20.6 | J52: 130.54331 | K52: 23.8 | L52: 150.86553 | M52: 25.4 | N52: 160.80505 | O52: 28.6 | P52: =2*Tablo244[[#This Row],[SMYS Psi]]*Tablo244[[#This Row],[Et Kalınlığı 5]]/Tablo244[[#This Row],[ÇAP mm]]/14.50377 | Q52: =Tablo244[[#This Row],[ÇAP mm]]+1.6 | R52: =Tablo244[[#This Row],[ÇAP mm]]-1.6 | S52: =IF(Tablo244[[#This Row],[ÇAP mm]]*0.005-4<0,Tablo244[[#This Row],[ÇAP mm]]*1.005,Tablo244[[#This Row],[ÇAP mm]]+4) | T52: =IF(Tablo244[[#This Row],[ÇAP mm]]*0.005-4<0,Tablo244[[#This Row],[ÇAP mm]]*0.995,Tablo244[[#This Row],[ÇAP mm]]-4) | U52: =Tablo244[[#This Row],[ÇAP mm]]/Tablo244[[#This Row],[Et Kalınlığı ]] | V52: =Tablo244[[#This Row],[ÇAP mm]]/Tablo244[[#This Row],[Et Kalınlığı 2]] | W52: =Tablo244[[#This Row],[ÇAP mm]]/Tablo244[[#This Row],[Et Kalınlığı 3]] | X52: =Tablo244[[#This Row],[ÇAP mm]]/Tablo244[[#This Row],[Et Kalınlığı 4]] | Y52: =Tablo244[[#This Row],[ÇAP mm]]/Tablo244[[#This Row],[Et Kalınlığı 5]] | Z52: =IF(Tablo244[[#This Row],[ÇAP mm]]/Tablo244[[#This Row],[Et Kalınlığı ]]<75,Tablo244[[#This Row],[ÇAP mm]]*0.01/2,"Anlaşmaya bağlıdır.") | AA52: =IF(Tablo244[[#This Row],[ÇAP mm]]/Tablo244[[#This Row],[Et Kalınlığı ]]<75,Tablo244[[#This Row],[ÇAP mm]]*0.015/2,"Anlaşmaya bağlıdır.") | AB52: =IF(Tablo244[[#This Row],[ÇAP mm]]/Tablo244[[#This Row],[Et Kalınlığı 2]]<75,Tablo244[[#This Row],[ÇAP mm]]*0.01/2,"Anlaşmaya bağlıdır.") | AC52: =IF(Tablo244[[#This Row],[ÇAP mm]]/Tablo244[[#This Row],[Et Kalınlığı 2]]<75,Tablo244[[#This Row],[ÇAP mm]]*0.015,"Anlaşmaya bağlıdır.") | AD52: =IF(Tablo244[[#This Row],[ÇAP mm]]/Tablo244[[#This Row],[Et Kalınlığı 3]]<75,Tablo244[[#This Row],[ÇAP mm]]*0.01/2,"Anlaşmaya bağlıdır.") | AE52: =IF(Tablo244[[#This Row],[ÇAP mm]]/Tablo244[[#This Row],[Et Kalınlığı 3]]<75,Tablo244[[#This Row],[ÇAP mm]]*0.015,"Anlaşmaya bağlıdır.") | AF52: =IF(Tablo244[[#This Row],[ÇAP mm]]/Tablo244[[#This Row],[Et Kalınlığı 4]]<75,Tablo244[[#This Row],[ÇAP mm]]*0.015/2,"Anlaşmaya bağlıdır.") | AG52: =IF(Tablo244[[#This Row],[ÇAP mm]]/Tablo244[[#This Row],[Et Kalınlığı 4]]<75,Tablo244[[#This Row],[ÇAP mm]]*0.015,"Anlaşmaya bağlıdır.") | AH52: =IF(Tablo244[[#This Row],[ÇAP mm]]/Tablo244[[#This Row],[Et Kalınlığı 4]]<75,Tablo244[[#This Row],[ÇAP mm]]*0.015/2,"Anlaşmaya bağlıdır.") | AI52: =IF(Tablo244[[#This Row],[ÇAP mm]]/Tablo244[[#This Row],[Et Kalınlığı 5]]<75,Tablo244[[#This Row],[ÇAP mm]]*0.015,"Anlaşmaya bağlıdır.") | AJ52: =IF(40*Tablo244[[#This Row],[Et Kalınlığı ]]<485,Tablo244[[#This Row],[Et Kalınlığı ]]*40,485) | AK52: =1940*POWER(ROUND(AJ52,-1),0.2)/POWER(Tablo244[[#This Row],[Tensile Mpa]],0.9) | AL52: =IF(40*Tablo244[[#This Row],[Et Kalınlığı 2]]<485,Tablo244[[#This Row],[Et Kalınlığı ]]*40,485) | AM52: =1940*POWER(ROUND(Tablo151[[#This Row],[Axc mm22]],-1),0.2)/POWER(Tablo244[[#This Row],[Tensile Mpa]],0.9) | AN52: =IF(40*Tablo244[[#This Row],[Et Kalınlığı 3]]<485,Tablo244[[#This Row],[Et Kalınlığı ]]*40,485) | AO52: =1940*POWER(ROUND(Tablo151[[#This Row],[Axc mm23]],-1),0.2)/POWER(Tablo244[[#This Row],[Tensile Mpa]],0.9) | AP52: =IF(40*Tablo244[[#This Row],[Et Kalınlığı 4]]<485,Tablo244[[#This Row],[Et Kalınlığı 4]]*40,485) | AQ52: =1940*POWER(ROUND(Tablo151[[#This Row],[Axc mm24]],-1),0.2)/POWER(Tablo244[[#This Row],[Tensile Mpa]],0.9) | AR52: =IF(40*Tablo244[[#This Row],[Et Kalınlığı 5]]<485,Tablo244[[#This Row],[Et Kalınlığı 4]]*40,485) | AS52: =1940*POWER(ROUND(Tablo151[[#This Row],[Axc mm25]],-1),0.2)/POWER(Tablo244[[#This Row],[Tensile Mpa]],0.9)
B53: 60" | C53: 1524 | D53: X65 | E53: 65300 | F53: 535 | G53: 19.1 | H53: 112.53188 | I53: 22.2 | J53: 131.31673 | K53: 25.4 | L53: 150.04251 | M53: 27 | N53: 159.31679 | O53: 30.2 | P53: =2*Tablo244[[#This Row],[SMYS Psi]]*Tablo244[[#This Row],[Et Kalınlığı 5]]/Tablo244[[#This Row],[ÇAP mm]]/14.50377 | Q53: =Tablo244[[#This Row],[ÇAP mm]]+1.6 | R53: =Tablo244[[#This Row],[ÇAP mm]]-1.6 | S53: =IF(Tablo244[[#This Row],[ÇAP mm]]*0.005-4<0,Tablo244[[#This Row],[ÇAP mm]]*1.005,Tablo244[[#This Row],[ÇAP mm]]+4) | T53: =IF(Tablo244[[#This Row],[ÇAP mm]]*0.005-4<0,Tablo244[[#This Row],[ÇAP mm]]*0.995,Tablo244[[#This Row],[ÇAP mm]]-4) | U53: =Tablo244[[#This Row],[ÇAP mm]]/Tablo244[[#This Row],[Et Kalınlığı ]] | V53: =Tablo244[[#This Row],[ÇAP mm]]/Tablo244[[#This Row],[Et Kalınlığı 2]] | W53: =Tablo244[[#This Row],[ÇAP mm]]/Tablo244[[#This Row],[Et Kalınlığı 3]] | X53: =Tablo244[[#This Row],[ÇAP mm]]/Tablo244[[#This Row],[Et Kalınlığı 4]] | Y53: =Tablo244[[#This Row],[ÇAP mm]]/Tablo244[[#This Row],[Et Kalınlığı 5]] | Z53: =IF(Tablo244[[#This Row],[ÇAP mm]]/Tablo244[[#This Row],[Et Kalınlığı ]]<75,Tablo244[[#This Row],[ÇAP mm]]*0.01/2,"Anlaşmaya bağlıdır.") | AA53: =IF(Tablo244[[#This Row],[ÇAP mm]]/Tablo244[[#This Row],[Et Kalınlığı ]]<75,Tablo244[[#This Row],[ÇAP mm]]*0.015/2,"Anlaşmaya bağlıdır.") | AB53: =IF(Tablo244[[#This Row],[ÇAP mm]]/Tablo244[[#This Row],[Et Kalınlığı 2]]<75,Tablo244[[#This Row],[ÇAP mm]]*0.01/2,"Anlaşmaya bağlıdır.") | AC53: =IF(Tablo244[[#This Row],[ÇAP mm]]/Tablo244[[#This Row],[Et Kalınlığı 2]]<75,Tablo244[[#This Row],[ÇAP mm]]*0.015,"Anlaşmaya bağlıdır.") | AD53: =IF(Tablo244[[#This Row],[ÇAP mm]]/Tablo244[[#This Row],[Et Kalınlığı 3]]<75,Tablo244[[#This Row],[ÇAP mm]]*0.01/2,"Anlaşmaya bağlıdır.") | AE53: =IF(Tablo244[[#This Row],[ÇAP mm]]/Tablo244[[#This Row],[Et Kalınlığı 3]]<75,Tablo244[[#This Row],[ÇAP mm]]*0.015,"Anlaşmaya bağlıdır.") | AF53: =IF(Tablo244[[#This Row],[ÇAP mm]]/Tablo244[[#This Row],[Et Kalınlığı 4]]<75,Tablo244[[#This Row],[ÇAP mm]]*0.015/2,"Anlaşmaya bağlıdır.") | AG53: =IF(Tablo244[[#This Row],[ÇAP mm]]/Tablo244[[#This Row],[Et Kalınlığı 4]]<75,Tablo244[[#This Row],[ÇAP mm]]*0.015,"Anlaşmaya bağlıdır.") | AH53: =IF(Tablo244[[#This Row],[ÇAP mm]]/Tablo244[[#This Row],[Et Kalınlığı 4]]<75,Tablo244[[#This Row],[ÇAP mm]]*0.015/2,"Anlaşmaya bağlıdır.") | AI53: =IF(Tablo244[[#This Row],[ÇAP mm]]/Tablo244[[#This Row],[Et Kalınlığı 5]]<75,Tablo244[[#This Row],[ÇAP mm]]*0.015,"Anlaşmaya bağlıdır.") | AJ53: =IF(40*Tablo244[[#This Row],[Et Kalınlığı ]]<485,Tablo244[[#This Row],[Et Kalınlığı ]]*40,485) | AK53: =1940*POWER(ROUND(AJ53,-1),0.2)/POWER(Tablo244[[#This Row],[Tensile Mpa]],0.9) | AL53: =IF(40*Tablo244[[#This Row],[Et Kalınlığı 2]]<485,Tablo244[[#This Row],[Et Kalınlığı ]]*40,485) | AM53: =1940*POWER(ROUND(Tablo151[[#This Row],[Axc mm22]],-1),0.2)/POWER(Tablo244[[#This Row],[Tensile Mpa]],0.9) | AN53: =IF(40*Tablo244[[#This Row],[Et Kalınlığı 3]]<485,Tablo244[[#This Row],[Et Kalınlığı ]]*40,485) | AO53: =1940*POWER(ROUND(Tablo151[[#This Row],[Axc mm23]],-1),0.2)/POWER(Tablo244[[#This Row],[Tensile Mpa]],0.9) | AP53: =IF(40*Tablo244[[#This Row],[Et Kalınlığı 4]]<485,Tablo244[[#This Row],[Et Kalınlığı 4]]*40,485) | AQ53: =1940*POWER(ROUND(Tablo151[[#This Row],[Axc mm24]],-1),0.2)/POWER(Tablo244[[#This Row],[Tensile Mpa]],0.9) | AR53: =IF(40*Tablo244[[#This Row],[Et Kalınlığı 5]]<485,Tablo244[[#This Row],[Et Kalınlığı 4]]*40,485) | AS53: =1940*POWER(ROUND(Tablo151[[#This Row],[Axc mm25]],-1),0.2)/POWER(Tablo244[[#This Row],[Tensile Mpa]],0.9)
H54: 104.42653 | J54: 125.09014 | L54: 150.04251 | N54: 159.31679
L58: ='Boru Seçim-Kontrol Aracı'!J8/'Boru Seçim-Kontrol Aracı'!J10

Sheet Boru Kontrol Tablosu ASME
B2: ERW HFW
B3: SAWH
B4: SAWL
B5: COW
B6: SEAMLESS
B11: =VLOOKUP('Et Kalınlığı Hesaplama'!E5,Tablo2[ÇAP mm],6,FALSE)
G16: Design Pressure 75 | O16: Design Pressure 82,5 | Z16: Ovalite mm | AJ16: Minimun Elongation
G17: Boru Hattı | M17: İstayon | O17: İstayon | Q17: Boru Çap Toleransları mm | U17: Boru Hattı | X17: İstayon | Z17: Boru Hattı | AF17: İstayon | AJ17: Boru Hattı | AP17: İstayon
G18: F=0,72 | I18: F=0,60 | K18: F=0,50 | M18: F=0,50 | O18: F=0,50 | U18: F=0,72 | V18: F=0,6 | W18: F=0,5 | X18: F=0,5 | Y18: F=0,5 | Z18: F=0,72 | AB18: F=0,6 | AD18: F=0,5 | AF18: F=0,5 | AH18: F=0,5 | AJ18: F=0,72 | AL18: F=0,6 | AN18: F=0,5 | AP18: F=0,5 | AR18: F=0,5 (82,5)
B19: 1 | C19: 2 | D19: 3 | E19: 4 | F19: 5 | G19: 6 | H19: 7 | I19: 8 | J19: 9 | K19: 10 | L19: 11 | M19: 12 | N19: 13 | O19: 14 | P19: 15 | Q19: 16 | R19: 17 | S19: 18 | T19: 19 | U19: 20 | V19: 21 | W19: 22 | X19: 23 | Y19: 24 | Z19: 25 | AA19: 26 | AB19: 27 | AC19: 28 | AD19: 29 | AE19: 30 | AF19: 31 | AG19: 32 | AH19: 33 | AI19: 34 | AJ19: 35 | AK19: 36 | AL19: 37 | AM19: 38 | AN19: 39 | AO19: 40 | AP19: 41 | AQ19: 42 | AR19: 43 | AS19: 44
B20: ÇAP inch | C20: ÇAP mm | D20: MALZEME | E20: SMYS Psi | F20: Tensile Mpa | G20: Et Kalınlığı | H20: Max Bas. bar | I20: Et Kalınlığı 2 | J20: Max Bas. Bar2 | K20: Et Kalınlığı 3 | L20: Max Bas. Bar3 | M20: Et Kalınlığı 4 | N20: Max Bas. Bar4 | O20: Et Kalınlığı 5 | P20: Max Bas. Bar5 | Q20: Boru Ucu MAX | R20: Boru Ucu Min | S20: Boru Gövde MAX | T20: Boru Gövde Min | U20: D/t | V20: D/t2 | W20: D/t3 | X20: D/t4 | Y20: D/t5 | Z20: Boru Ucu 1 | AA20: Boru Gövdesi 1 | AB20: Boru Ucu 2 | AC20: Boru Gövdesi 2 | AD20: Boru Ucu 3 | AE20: Boru Gövdesi 3 | AF20: Boru Ucu 4 | AG20: Boru Gövdesi 4 | AH20: Boru Ucu 5 | AI20: Boru Gövdesi 5 | AJ20: Axc mm2 | AK20: Af mm | AL20: Axc mm22 | AM20: Af mm2 | AN20: Axc mm23 | AO20: Af mm3 | AP20: Axc mm24 | AQ20: Af mm4 | AR20: Axc mm25 | AS20: Af mm5
B21: ½" | C21: 21.3 | D21: GRADE B | E21: 35500 | F21: 415 | M21: 3.73 | N21: =2*Tablo2[[#This Row],[SMYS Psi]]*Tablo2[[#This Row],[Et Kalınlığı 4]]/Tablo2[[#This Row],[ÇAP mm]]/14.50377 | O21: 3.73 | P21: =2*Tablo2[[#This Row],[SMYS Psi]]*Tablo2[[#This Row],[Et Kalınlığı 5]]/Tablo2[[#This Row],[ÇAP mm]]/14.50377 | Q21: =Tablo2[[#This Row],[ÇAP mm]]+0.4 | R21: =Tablo2[[#This Row],[ÇAP mm]]-0.8 | S21: =Tablo2[[#This Row],[ÇAP mm]]+0.4 | T21: =Tablo2[[#This Row],[ÇAP mm]]-0.8 | X21: =Tablo2[[#This Row],[ÇAP mm]]/Tablo2[[#This Row],[Et Kalınlığı 4]] | Y21: =Tablo2[[#This Row],[ÇAP mm]]/Tablo2[[#This Row],[Et Kalınlığı 5]] | AF21: =0.9/2 | AG21: =1.2 | AH21: =0.9/2 | AI21: 1.2 | AP21: =IF(40*Tablo2[[#This Row],[Et Kalınlığı 4]]<485,Tablo2[[#This Row],[Et Kalınlığı 4]]*40,485) | AQ21: =1940*POWER(ROUND(Tablo1[[#This Row],[Axc mm24]],-1),0.2)/POWER(Tablo2[[#This Row],[Tensile Mpa]],0.9) | AR21: =IF(40*Tablo2[[#This Row],[Et Kalınlığı 5]]<485,Tablo2[[#This Row],[Et Kalınlığı 4]]*40,485) | AS21: =1940*POWER(ROUND(Tablo1[[#This Row],[Axc mm25]],-1),0.2)/POWER(Tablo2[[#This Row],[Tensile Mpa]],0.9)
B22: ¾" | C22: 26.7 | D22: GRADE B | E22: 35500 | F22: 415 | M22: 3.91 | N22: =2*Tablo2[[#This Row],[SMYS Psi]]*Tablo2[[#This Row],[Et Kalınlığı 4]]/Tablo2[[#This Row],[ÇAP mm]]/14.50377 | O22: 3.91 | P22: =2*Tablo2[[#This Row],[SMYS Psi]]*Tablo2[[#This Row],[Et Kalınlığı 5]]/Tablo2[[#This Row],[ÇAP mm]]/14.50377 | Q22: =Tablo2[[#This Row],[ÇAP mm]]+0.4 | R22: =Tablo2[[#This Row],[ÇAP mm]]-0.8 | S22: =Tablo2[[#This Row],[ÇAP mm]]+0.4 | T22: =Tablo2[[#This Row],[ÇAP mm]]-0.8 | X22: =Tablo2[[#This Row],[ÇAP mm]]/Tablo2[[#This Row],[Et Kalınlığı 4]] | Y22: =Tablo2[[#This Row],[ÇAP mm]]/Tablo2[[#This Row],[Et Kalınlığı 5]] | AF22: =0.9/2 | AG22: =1.2 | AH22: =0.9/2 | AI22: 1.2 | AP22: =IF(40*Tablo2[[#This Row],[Et Kalınlığı 4]]<485,Tablo2[[#This Row],[Et Kalınlığı 4]]*40,485) | AQ22: =1940*POWER(ROUND(Tablo1[[#This Row],[Axc mm24]],-1),0.2)/POWER(Tablo2[[#This Row],[Tensile Mpa]],0.9) | AR22: =IF(40*Tablo2[[#This Row],[Et Kalınlığı 5]]<485,Tablo2[[#This Row],[Et Kalınlığı 4]]*40,485) | AS22: =1940*POWER(ROUND(Tablo1[[#This Row],[Axc mm25]],-1),0.2)/POWER(Tablo2[[#This Row],[Tensile Mpa]],0.9)
B23: 1" | C23: 33.4 | D23: GRADE B | E23: 35500 | F23: 415 | M23: 4.55 | N23: =2*Tablo2[[#This Row],[SMYS Psi]]*Tablo2[[#This Row],[Et Kalınlığı 4]]/Tablo2[[#This Row],[ÇAP mm]]/14.50377 | O23: 4.55 | P23: =2*Tablo2[[#This Row],[SMYS Psi]]*Tablo2[[#This Row],[Et Kalınlığı 5]]/Tablo2[[#This Row],[ÇAP mm]]/14.50377 | Q23: =Tablo2[[#This Row],[ÇAP mm]]+0.4 | R23: =Tablo2[[#This Row],[ÇAP mm]]-0.8 | S23: =Tablo2[[#This Row],[ÇAP mm]]+0.4 | T23: =Tablo2[[#This Row],[ÇAP mm]]-0.8 | X23: =Tablo2[[#This Row],[ÇAP mm]]/Tablo2[[#This Row],[Et Kalınlığı 4]] | Y23: =Tablo2[[#This Row],[ÇAP mm]]/Tablo2[[#This Row],[Et Kalınlığı 5]] | AF23: =0.9/2 | AG23: =1.2 | AH23: =0.9/2 | AI23: 1.2 | AP23: =IF(40*Tablo2[[#This Row],[Et Kalınlığı 4]]<485,Tablo2[[#This Row],[Et Kalınlığı 4]]*40,485) | AQ23: =1940*POWER(ROUND(Tablo1[[#This Row],[Axc mm24]],-1),0.2)/POWER(Tablo2[[#This Row],[Tensile Mpa]],0.9) | AR23: =IF(40*Tablo2[[#This Row],[Et Kalınlığı 5]]<485,Tablo2[[#This Row],[Et Kalınlığı 4]]*40,485) | AS23: =1940*POWER(ROUND(Tablo1[[#This Row],[Axc mm25]],-1),0.2)/POWER(Tablo2[[#This Row],[Tensile Mpa]],0.9)
B24: 1¼" | C24: 42.2 | D24: GRADE B | E24: 35500 | F24: 415 | M24: 4.85 | N24: =2*Tablo2[[#This Row],[SMYS Psi]]*Tablo2[[#This Row],[Et Kalınlığı 4]]/Tablo2[[#This Row],[ÇAP mm]]/14.50377 | O24: 4.85 | P24: =2*Tablo2[[#This Row],[SMYS Psi]]*Tablo2[[#This Row],[Et Kalınlığı 5]]/Tablo2[[#This Row],[ÇAP mm]]/14.50377 | Q24: =Tablo2[[#This Row],[ÇAP mm]]+0.4 | R24: =Tablo2[[#This Row],[ÇAP mm]]-0.8 | S24: =Tablo2[[#This Row],[ÇAP mm]]+0.4 | T24: =Tablo2[[#This Row],[ÇAP mm]]-0.8 | X24: =Tablo2[[#This Row],[ÇAP mm]]/Tablo2[[#This Row],[Et Kalınlığı 4]] | Y24: =Tablo2[[#This Row],[ÇAP mm]]/Tablo2[[#This Row],[Et Kalınlığı 5]] | AF24: =0.9/2 | AG24: =1.2 | AH24: =0.9/2 | AI24: 1.2 | AP24: =IF(40*Tablo2[[#This Row],[Et Kalınlığı 4]]<485,Tablo2[[#This Row],[Et Kalınlığı 4]]*40,485) | AQ24: =1940*POWER(ROUND(Tablo1[[#This Row],[Axc mm24]],-1),0.2)/POWER(Tablo2[[#This Row],[Tensile Mpa]],0.9) | AR24: =IF(40*Tablo2[[#This Row],[Et Kalınlığı 5]]<485,Tablo2[[#This Row],[Et Kalınlığı 4]]*40,485) | AS24: =1940*POWER(ROUND(Tablo1[[#This Row],[Axc mm25]],-1),0.2)/POWER(Tablo2[[#This Row],[Tensile Mpa]],0.9)
B25: 1½" | C25: 48.3 | D25: GRADE B | E25: 35500 | F25: 415 | M25: 5.08 | N25: =2*Tablo2[[#This Row],[SMYS Psi]]*Tablo2[[#This Row],[Et Kalınlığı 4]]/Tablo2[[#This Row],[ÇAP mm]]/14.50377 | O25: 5.08 | P25: =2*Tablo2[[#This Row],[SMYS Psi]]*Tablo2[[#This Row],[Et Kalınlığı 5]]/Tablo2[[#This Row],[ÇAP mm]]/14.50377 | Q25: =Tablo2[[#This Row],[ÇAP mm]]+0.4 | R25: =Tablo2[[#This Row],[ÇAP mm]]-0.8 | S25: =Tablo2[[#This Row],[ÇAP mm]]+0.4 | T25: =Tablo2[[#This Row],[ÇAP mm]]-0.8 | X25: =Tablo2[[#This Row],[ÇAP mm]]/Tablo2[[#This Row],[Et Kalınlığı 4]] | Y25: =Tablo2[[#This Row],[ÇAP mm]]/Tablo2[[#This Row],[Et Kalınlığı 5]] | AF25: =0.9/2 | AG25: =1.2 | AH25: =0.9/2 | AI25: 1.2 | AP25: =IF(40*Tablo2[[#This Row],[Et Kalınlığı 4]]<485,Tablo2[[#This Row],[Et Kalınlığı 4]]*40,485) | AQ25: =1940*POWER(ROUND(Tablo1[[#This Row],[Axc mm24]],-1),0.2)/POWER(Tablo2[[#This Row],[Tensile Mpa]],0.9) | AR25: =IF(40*Tablo2[[#This Row],[Et Kalınlığı 5]]<485,Tablo2[[#This Row],[Et Kalınlığı 4]]*40,485) | AS25: =1940*POWER(ROUND(Tablo1[[#This Row],[Axc mm25]],-1),0.2)/POWER(Tablo2[[#This Row],[Tensile Mpa]],0.9)
B26: 2" | C26: 60.3 | D26: GRADE B | E26: 35500 | F26: 415 | M26: 5.54 | N26: =2*Tablo2[[#This Row],[SMYS Psi]]*Tablo2[[#This Row],[Et Kalınlığı 4]]/Tablo2[[#This Row],[ÇAP mm]]/14.50377 | O26: 5.54 | P26: =2*Tablo2[[#This Row],[SMYS Psi]]*Tablo2[[#This Row],[Et Kalınlığı 5]]/Tablo2[[#This Row],[ÇAP mm]]/14.50377 | Q26: =Tablo2[[#This Row],[ÇAP mm]]+1.6 | R26: =Tablo2[[#This Row],[ÇAP mm]]-0.4 | S26: =Tablo2[[#This Row],[ÇAP mm]]*1.0075 | T26: =Tablo2[[#This Row],[ÇAP mm]]*0.9925 | X26: =Tablo2[[#This Row],[ÇAP mm]]/Tablo2[[#This Row],[Et Kalınlığı 4]] | Y26: =Tablo2[[#This Row],[ÇAP mm]]/Tablo2[[#This Row],[Et Kalınlığı 5]] | AF26: =IF(Tablo2[[#This Row],[ÇAP mm]]/Tablo2[[#This Row],[Et Kalınlığı 4]]<75,Tablo2[[#This Row],[ÇAP mm]]*0.015/2,"Anlaşmaya bağlıdır.") | AG26: =IF(Tablo2[[#This Row],[ÇAP mm]]/Tablo2[[#This Row],[Et Kalınlığı 4]]<75,Tablo2[[#This Row],[ÇAP mm]]*0.02,"Anlaşmaya bağlıdır.") | AH26: =IF(Tablo2[[#This Row],[ÇAP mm]]/Tablo2[[#This Row],[Et Kalınlığı 4]]<75,Tablo2[[#This Row],[ÇAP mm]]*0.015/2,"Anlaşmaya bağlıdır.") | AI26: =IF(Tablo2[[#This Row],[ÇAP mm]]/Tablo2[[#This Row],[Et Kalınlığı 5]]<75,Tablo2[[#This Row],[ÇAP mm]]*0.02,"Anlaşmaya bağlıdır.") | AP26: =IF(40*Tablo2[[#This Row],[Et Kalınlığı 4]]<485,Tablo2[[#This Row],[Et Kalınlığı 4]]*40,485) | AQ26: =1940*POWER(ROUND(Tablo1[[#This Row],[Axc mm24]],-1),0.2)/POWER(Tablo2[[#This Row],[Tensile Mpa]],0.9) | AR26: =IF(40*Tablo2[[#This Row],[Et Kalınlığı 5]]<485,Tablo2[[#This Row],[Et Kalınlığı 4]]*40,485) | AS26: =1940*POWER(ROUND(Tablo1[[#This Row],[Axc mm25]],-1),0.2)/POWER(Tablo2[[#This Row],[Tensile Mpa]],0.9)
B27: 2½" | C27: 73 | D27: GRADE B | E27: 35500 | F27: 415 | M27: 5.16 | N27: =2*Tablo2[[#This Row],[SMYS Psi]]*Tablo2[[#This Row],[Et Kalınlığı 4]]/Tablo2[[#This Row],[ÇAP mm]]/14.50377 | O27: 5.16 | P27: =2*Tablo2[[#This Row],[SMYS Psi]]*Tablo2[[#This Row],[Et Kalınlığı 5]]/Tablo2[[#This Row],[ÇAP mm]]/14.50377 | Q27: =Tablo2[[#This Row],[ÇAP mm]]+1.6 | R27: =Tablo2[[#This Row],[ÇAP mm]]-0.4 | S27: =Tablo2[[#This Row],[ÇAP mm]]*1.0075 | T27: =Tablo2[[#This Row],[ÇAP mm]]*0.9925 | X27: =Tablo2[[#This Row],[ÇAP mm]]/Tablo2[[#This Row],[Et Kalınlığı 4]] | Y27: =Tablo2[[#This Row],[ÇAP mm]]/Tablo2[[#This Row],[Et Kalınlığı 5]] | AF27: =IF(Tablo2[[#This Row],[ÇAP mm]]/Tablo2[[#This Row],[Et Kalınlığı 4]]<75,Tablo2[[#This Row],[ÇAP mm]]*0.015/2,"Anlaşmaya bağlıdır.") | AG27: =IF(Tablo2[[#This Row],[ÇAP mm]]/Tablo2[[#This Row],[Et Kalınlığı 4]]<75,Tablo2[[#This Row],[ÇAP mm]]*0.02,"Anlaşmaya bağlıdır.") | AH27: =IF(Tablo2[[#This Row],[ÇAP mm]]/Tablo2[[#This Row],[Et Kalınlığı 4]]<75,Tablo2[[#This Row],[ÇAP mm]]*0.015/2,"Anlaşmaya bağlıdır.") | AI27: =IF(Tablo2[[#This Row],[ÇAP mm]]/Tablo2[[#This Row],[Et Kalınlığı 5]]<75,Tablo2[[#This Row],[ÇAP mm]]*0.02,"Anlaşmaya bağlıdır.") | AP27: =IF(40*Tablo2[[#This Row],[Et Kalınlığı 4]]<485,Tablo2[[#This Row],[Et Kalınlığı 4]]*40,485) | AQ27: =1940*POWER(ROUND(Tablo1[[#This Row],[Axc mm24]],-1),0.2)/POWER(Tablo2[[#This Row],[Tensile Mpa]],0.9) | AR27: =IF(40*Tablo2[[#This Row],[Et Kalınlığı 5]]<485,Tablo2[[#This Row],[Et Kalınlığı 4]]*40,485) | AS27: =1940*POWER(ROUND(Tablo1[[#This Row],[Axc mm25]],-1),0.2)/POWER(Tablo2[[#This Row],[Tensile Mpa]],0.9)
B28: 3" | C28: 88.9 | D28: GRADE B | E28: 35500 | F28: 415 | M28: 5.49 | N28: =2*Tablo2[[#This Row],[SMYS Psi]]*Tablo2[[#This Row],[Et Kalınlığı 4]]/Tablo2[[#This Row],[ÇAP mm]]/14.50377 | O28: 5.49 | P28: =2*Tablo2[[#This Row],[SMYS Psi]]*Tablo2[[#This Row],[Et Kalınlığı 5]]/Tablo2[[#This Row],[ÇAP mm]]/14.50377 | Q28: =Tablo2[[#This Row],[ÇAP mm]]+1.6 | R28: =Tablo2[[#This Row],[ÇAP mm]]-0.4 | S28: =Tablo2[[#This Row],[ÇAP mm]]*1.0075 | T28: =Tablo2[[#This Row],[ÇAP mm]]*0.9925 | X28: =Tablo2[[#This Row],[ÇAP mm]]/Tablo2[[#This Row],[Et Kalınlığı 4]] | Y28: =Tablo2[[#This Row],[ÇAP mm]]/Tablo2[[#This Row],[Et Kalınlığı 5]] | AF28: =IF(Tablo2[[#This Row],[ÇAP mm]]/Tablo2[[#This Row],[Et Kalınlığı 4]]<75,Tablo2[[#This Row],[ÇAP mm]]*0.015/2,"Anlaşmaya bağlıdır.") | AG28: =IF(Tablo2[[#This Row],[ÇAP mm]]/Tablo2[[#This Row],[Et Kalınlığı 4]]<75,Tablo2[[#This Row],[ÇAP mm]]*0.02,"Anlaşmaya bağlıdır.") | AH28: =IF(Tablo2[[#This Row],[ÇAP mm]]/Tablo2[[#This Row],[Et Kalınlığı 4]]<75,Tablo2[[#This Row],[ÇAP mm]]*0.015/2,"Anlaşmaya bağlıdır.") | AI28: =IF(Tablo2[[#This Row],[ÇAP mm]]/Tablo2[[#This Row],[Et Kalınlığı 5]]<75,Tablo2[[#This Row],[ÇAP mm]]*0.02,"Anlaşmaya bağlıdır.") | AP28: =IF(40*Tablo2[[#This Row],[Et Kalınlığı 4]]<485,Tablo2[[#This Row],[Et Kalınlığı 4]]*40,485) | AQ28: =1940*POWER(ROUND(Tablo1[[#This Row],[Axc mm24]],-1),0.2)/POWER(Tablo2[[#This Row],[Tensile Mpa]],0.9) | AR28: =IF(40*Tablo2[[#This Row],[Et Kalınlığı 5]]<485,Tablo2[[#This Row],[Et Kalınlığı 4]]*40,485) | AS28: =1940*POWER(ROUND(Tablo1[[#This Row],[Axc mm25]],-1),0.2)/POWER(Tablo2[[#This Row],[Tensile Mpa]],0.9)
B29: 4" | C29: 114.3 | D29: GRADE B | E29: 35500 | F29: 415 | M29: 6.02 | N29: =2*Tablo2[[#This Row],[SMYS Psi]]*Tablo2[[#This Row],[Et Kalınlığı 4]]/Tablo2[[#This Row],[ÇAP mm]]/14.50377 | O29: 6.02 | P29: =2*Tablo2[[#This Row],[SMYS Psi]]*Tablo2[[#This Row],[Et Kalınlığı 5]]/Tablo2[[#This Row],[ÇAP mm]]/14.50377 | Q29: =Tablo2[[#This Row],[ÇAP mm]]+1.6 | R29: =Tablo2[[#This Row],[ÇAP mm]]-0.4 | S29: =Tablo2[[#This Row],[ÇAP mm]]*1.0075 | T29: =Tablo2[[#This Row],[ÇAP mm]]*0.9925 | X29: =Tablo2[[#This Row],[ÇAP mm]]/Tablo2[[#This Row],[Et Kalınlığı 4]] | Y29: =Tablo2[[#This Row],[ÇAP mm]]/Tablo2[[#This Row],[Et Kalınlığı 5]] | AF29: =IF(Tablo2[[#This Row],[ÇAP mm]]/Tablo2[[#This Row],[Et Kalınlığı 4]]<75,Tablo2[[#This Row],[ÇAP mm]]*0.015/2,"Anlaşmaya bağlıdır.") | AG29: =IF(Tablo2[[#This Row],[ÇAP mm]]/Tablo2[[#This Row],[Et Kalınlığı 4]]<75,Tablo2[[#This Row],[ÇAP mm]]*0.02,"Anlaşmaya bağlıdır.") | AH29: =IF(Tablo2[[#This Row],[ÇAP mm]]/Tablo2[[#This Row],[Et Kalınlığı 4]]<75,Tablo2[[#This Row],[ÇAP mm]]*0.015/2,"Anlaşmaya bağlıdır.") | AI29: =IF(Tablo2[[#This Row],[ÇAP mm]]/Tablo2[[#This Row],[Et Kalınlığı 5]]<75,Tablo2[[#This Row],[ÇAP mm]]*0.02,"Anlaşmaya bağlıdır.") | AP29: =IF(40*Tablo2[[#This Row],[Et Kalınlığı 4]]<485,Tablo2[[#This Row],[Et Kalınlığı 4]]*40,485) | AQ29: =1940*POWER(ROUND(Tablo1[[#This Row],[Axc mm24]],-1),0.2)/POWER(Tablo2[[#This Row],[Tensile Mpa]],0.9) | AR29: =IF(40*Tablo2[[#This Row],[Et Kalınlığı 5]]<485,Tablo2[[#This Row],[Et Kalınlığı 4]]*40,485) | AS29: =1940*POWER(ROUND(Tablo1[[#This Row],[Axc mm25]],-1),0.2)/POWER(Tablo2[[#This Row],[Tensile Mpa]],0.9)
B30: 5" | C30: 141.3 | D30: GRADE B | E30: 35500 | F30: 415 | M30: 6.55 | N30: =2*Tablo2[[#This Row],[SMYS Psi]]*Tablo2[[#This Row],[Et Kalınlığı 4]]/Tablo2[[#This Row],[ÇAP mm]]/14.50377 | O30: 7.1 | P30: =2*Tablo2[[#This Row],[SMYS Psi]]*Tablo2[[#This Row],[Et Kalınlığı 5]]/Tablo2[[#This Row],[ÇAP mm]]/14.50377 | Q30: =Tablo2[[#This Row],[ÇAP mm]]+1.6 | R30: =Tablo2[[#This Row],[ÇAP mm]]-0.4 | S30: =Tablo2[[#This Row],[ÇAP mm]]*1.0075 | T30: =Tablo2[[#This Row],[ÇAP mm]]*0.9925 | X30: =Tablo2[[#This Row],[ÇAP mm]]/Tablo2[[#This Row],[Et Kalınlığı 4]] | Y30: =Tablo2[[#This Row],[ÇAP mm]]/Tablo2[[#This Row],[Et Kalınlığı 5]] | AF30: =IF(Tablo2[[#This Row],[ÇAP mm]]/Tablo2[[#This Row],[Et Kalınlığı 4]]<75,Tablo2[[#This Row],[ÇAP mm]]*0.015/2,"Anlaşmaya bağlıdır.") | AG30: =IF(Tablo2[[#This Row],[ÇAP mm]]/Tablo2[[#This Row],[Et Kalınlığı 4]]<75,Tablo2[[#This Row],[ÇAP mm]]*0.02,"Anlaşmaya bağlıdır.") | AH30: =IF(Tablo2[[#This Row],[ÇAP mm]]/Tablo2[[#This Row],[Et Kalınlığı 5]]<75,Tablo2[[#This Row],[ÇAP mm]]*0.015/2,"Anlaşmaya bağlıdır.") | AI30: =IF(Tablo2[[#This Row],[ÇAP mm]]/Tablo2[[#This Row],[Et Kalınlığı 5]]<75,Tablo2[[#This Row],[ÇAP mm]]*0.02,"Anlaşmaya bağlıdır.") | AP30: =IF(40*Tablo2[[#This Row],[Et Kalınlığı 4]]<485,Tablo2[[#This Row],[Et Kalınlığı 4]]*40,485) | AQ30: =1940*POWER(ROUND(Tablo1[[#This Row],[Axc mm24]],-1),0.2)/POWER(Tablo2[[#This Row],[Tensile Mpa]],0.9) | AR30: =IF(40*Tablo2[[#This Row],[Et Kalınlığı 5]]<485,Tablo2[[#This Row],[Et Kalınlığı 4]]*40,485) | AS30: =1940*POWER(ROUND(Tablo1[[#This Row],[Axc mm25]],-1),0.2)/POWER(Tablo2[[#This Row],[Tensile Mpa]],0.9)
B31: 6" | C31: 168.3 | D31: X42 | E31: 42100 | F31: 415 | G31: 5.16 | H31: =2*Tablo2[[#This Row],[SMYS Psi]]*Tablo2[[#This Row],[Et Kalınlığı ]]/Tablo2[[#This Row],[ÇAP mm]]/14.50377 | I31: 5.16 | J31: =2*Tablo2[[#This Row],[SMYS Psi]]*Tablo2[[#This Row],[Et Kalınlığı 2]]/Tablo2[[#This Row],[ÇAP mm]]/14.50377 | K31: 5.16 | L31: =2*Tablo2[[#This Row],[SMYS Psi]]*Tablo2[[#This Row],[Et Kalınlığı 3]]/Tablo2[[#This Row],[ÇAP mm]]/14.50377 | M31: 6.35 | N31: =2*Tablo2[[#This Row],[SMYS Psi]]*Tablo2[[#This Row],[Et Kalınlığı 4]]/Tablo2[[#This Row],[ÇAP mm]]/14.50377 | O31: 6.35 | P31: =2*Tablo2[[#This Row],[SMYS Psi]]*Tablo2[[#This Row],[Et Kalınlığı 5]]/Tablo2[[#This Row],[ÇAP mm]]/14.50377 | Q31: =IF(Tablo2[[#This Row],[ÇAP mm]]*0.005-1.6<0,Tablo2[[#This Row],[ÇAP mm]]*1.005,Tablo2[[#This Row],[ÇAP mm]]+1.6) | R31: =IF(Tablo2[[#This Row],[ÇAP mm]]*0.005-1.6<0,Tablo2[[#This Row],[ÇAP mm]]*0.995,Tablo2[[#This Row],[ÇAP mm]]-1.6) | S31: =IF(Tablo2[[#This Row],[ÇAP mm]]*0.0075-3.2<0,Tablo2[[#This Row],[ÇAP mm]]*1.0075,Tablo2[[#This Row],[ÇAP mm]]+3.2) | T31: =IF(Tablo2[[#This Row],[ÇAP mm]]*0.005-3.2<0,Tablo2[[#This Row],[ÇAP mm]]*0.9925,Tablo2[[#This Row],[ÇAP mm]]-3.2) | U31: =Tablo2[[#This Row],[ÇAP mm]]/Tablo2[[#This Row],[Et Kalınlığı ]] | V31: =Tablo2[[#This Row],[ÇAP mm]]/Tablo2[[#This Row],[Et Kalınlığı 2]] | W31: =Tablo2[[#This Row],[ÇAP mm]]/Tablo2[[#This Row],[Et Kalınlığı 3]] | X31: =Tablo2[[#This Row],[ÇAP mm]]/Tablo2[[#This Row],[Et Kalınlığı 4]] | Y31: =Tablo2[[#This Row],[ÇAP mm]]/Tablo2[[#This Row],[Et Kalınlığı 5]] | Z31: =IF(Tablo2[[#This Row],[ÇAP mm]]/Tablo2[[#This Row],[Et Kalınlığı ]]<75,Tablo2[[#This Row],[ÇAP mm]]*0.015/2,"Anlaşmaya bağlıdır.") | AA31: =IF(Tablo2[[#This Row],[ÇAP mm]]/Tablo2[[#This Row],[Et Kalınlığı ]]<75,Tablo2[[#This Row],[ÇAP mm]]*0.02,"Anlaşmaya bağlıdır.") | AB31: =IF(Tablo2[[#This Row],[ÇAP mm]]/Tablo2[[#This Row],[Et Kalınlığı ]]<75,Tablo2[[#This Row],[ÇAP mm]]*0.015/2,"Anlaşmaya bağlıdır.") | AC31: =IF(Tablo2[[#This Row],[ÇAP mm]]/Tablo2[[#This Row],[Et Kalınlığı 2]]<75,Tablo2[[#This Row],[ÇAP mm]]*0.02,"Anlaşmaya bağlıdır.") | AD31: =IF(Tablo2[[#This Row],[ÇAP mm]]/Tablo2[[#This Row],[Et Kalınlığı ]]<75,Tablo2[[#This Row],[ÇAP mm]]*0.015/2,"Anlaşmaya bağlıdır.") | AE31: =IF(Tablo2[[#This Row],[ÇAP mm]]/Tablo2[[#This Row],[Et Kalınlığı 3]]<75,Tablo2[[#This Row],[ÇAP mm]]*0.02,"Anlaşmaya bağlıdır.") | AF31: =IF(Tablo2[[#This Row],[ÇAP mm]]/Tablo2[[#This Row],[Et Kalınlığı 4]]<75,Tablo2[[#This Row],[ÇAP mm]]*0.015/2,"Anlaşmaya bağlıdır.") | AG31: =IF(Tablo2[[#This Row],[ÇAP mm]]/Tablo2[[#This Row],[Et Kalınlığı 4]]<75,Tablo2[[#This Row],[ÇAP mm]]*0.02,"Anlaşmaya bağlıdır.") | AH31: =IF(Tablo2[[#This Row],[ÇAP mm]]/Tablo2[[#This Row],[Et Kalınlığı 5]]<75,Tablo2[[#This Row],[ÇAP mm]]*0.015/2,"Anlaşmaya bağlıdır.") | AI31: =IF(Tablo2[[#This Row],[ÇAP mm]]/Tablo2[[#This Row],[Et Kalınlığı 5]]<75,Tablo2[[#This Row],[ÇAP mm]]*0.02,"Anlaşmaya bağlıdır.") | AJ31: =IF(40*Tablo2[[#This Row],[Et Kalınlığı ]]<485,Tablo2[[#This Row],[Et Kalınlığı ]]*40,485) | AK31: =1940*POWER(ROUND(AJ31,-1),0.2)/POWER(Tablo2[[#This Row],[Tensile Mpa]],0.9) | AL31: =IF(40*Tablo2[[#This Row],[Et Kalınlığı 2]]<485,Tablo2[[#This Row],[Et Kalınlığı ]]*40,485) | AM31: =1940*POWER(ROUND(Tablo1[[#This Row],[Axc mm22]],-1),0.2)/POWER(Tablo2[[#This Row],[Tensile Mpa]],0.9) | AN31: =IF(40*Tablo2[[#This Row],[Et Kalınlığı 3]]<485,Tablo2[[#This Row],[Et Kalınlığı ]]*40,485) | AO31: =1940*POWER(ROUND(Tablo1[[#This Row],[Axc mm23]],-1),0.2)/POWER(Tablo2[[#This Row],[Tensile Mpa]],0.9) | AP31: =IF(40*Tablo2[[#This Row],[Et Kalınlığı 4]]<485,Tablo2[[#This Row],[Et Kalınlığı 4]]*40,485) | AQ31: =1940*POWER(ROUND(Tablo1[[#This Row],[Axc mm24]],-1),0.2)/POWER(Tablo2[[#This Row],[Tensile Mpa]],0.9) | AR31: =IF(40*Tablo2[[#This Row],[Et Kalınlığı 5]]<485,Tablo2[[#This Row],[Et Kalınlığı 4]]*40,485) | AS31: =1940*POWER(ROUND(Tablo1[[#This Row],[Axc mm25]],-1),0.2)/POWER(Tablo2[[#This Row],[Tensile Mpa]],0.9)
B32: 8" | C32: 219.1 | D32: X42 | E32: 42100 | F32: 415 | G32: 5.16 | H32: =2*Tablo2[[#This Row],[SMYS Psi]]*Tablo2[[#This Row],[Et Kalınlığı ]]/Tablo2[[#This Row],[ÇAP mm]]/14.50377 | I32: 5.16 | J32: =2*Tablo2[[#This Row],[SMYS Psi]]*Tablo2[[#This Row],[Et Kalınlığı 2]]/Tablo2[[#This Row],[ÇAP mm]]/14.50377 | K32: 6.35 | L32: =2*Tablo2[[#This Row],[SMYS Psi]]*Tablo2[[#This Row],[Et Kalınlığı 3]]/Tablo2[[#This Row],[ÇAP mm]]/14.50377 | M32: 7.92 | N32: =2*Tablo2[[#This Row],[SMYS Psi]]*Tablo2[[#This Row],[Et Kalınlığı 4]]/Tablo2[[#This Row],[ÇAP mm]]/14.50377 | O32: 7.92 | P32: =2*Tablo2[[#This Row],[SMYS Psi]]*Tablo2[[#This Row],[Et Kalınlığı 5]]/Tablo2[[#This Row],[ÇAP mm]]/14.50377 | Q32: =IF(Tablo2[[#This Row],[ÇAP mm]]*0.005-1.6<0,Tablo2[[#This Row],[ÇAP mm]]*1.005,Tablo2[[#This Row],[ÇAP mm]]+1.6) | R32: =IF(Tablo2[[#This Row],[ÇAP mm]]*0.005-1.6<0,Tablo2[[#This Row],[ÇAP mm]]*0.995,Tablo2[[#This Row],[ÇAP mm]]-1.6) | S32: =IF(Tablo2[[#This Row],[ÇAP mm]]*0.0075-3.2<0,Tablo2[[#This Row],[ÇAP mm]]*1.0075,Tablo2[[#This Row],[ÇAP mm]]+3.2) | T32: =IF(Tablo2[[#This Row],[ÇAP mm]]*0.005-3.2<0,Tablo2[[#This Row],[ÇAP mm]]*0.9925,Tablo2[[#This Row],[ÇAP mm]]-3.2) | U32: =Tablo2[[#This Row],[ÇAP mm]]/Tablo2[[#This Row],[Et Kalınlığı ]] | V32: =Tablo2[[#This Row],[ÇAP mm]]/Tablo2[[#This Row],[Et Kalınlığı 2]] | W32: =Tablo2[[#This Row],[ÇAP mm]]/Tablo2[[#This Row],[Et Kalınlığı 3]] | X32: =Tablo2[[#This Row],[ÇAP mm]]/Tablo2[[#This Row],[Et Kalınlığı 4]] | Y32: =Tablo2[[#This Row],[ÇAP mm]]/Tablo2[[#This Row],[Et Kalınlığı 5]] | Z32: =Tablo2[[#This Row],[ÇAP mm]]*0.015/2 | AA32: =Tablo2[[#This Row],[ÇAP mm]]*0.02 | AB32: =Tablo2[[#This Row],[ÇAP mm]]*0.015/2 | AC32: =Tablo2[[#This Row],[ÇAP mm]]*0.02 | AD32: =Tablo2[[#This Row],[ÇAP mm]]*0.015/2 | AE32: =Tablo2[[#This Row],[ÇAP mm]]*0.02 | AF32: =IF(Tablo2[[#This Row],[ÇAP mm]]/Tablo2[[#This Row],[Et Kalınlığı 4]]<75,Tablo2[[#This Row],[ÇAP mm]]*0.015/2,"Anlaşmaya bağlıdır.") | AG32: =Tablo2[[#This Row],[ÇAP mm]]*0.02 | AH32: =IF(Tablo2[[#This Row],[ÇAP mm]]/Tablo2[[#This Row],[Et Kalınlığı 5]]<75,Tablo2[[#This Row],[ÇAP mm]]*0.015/2,"Anlaşmaya bağlıdır.") | AI32: =Tablo2[[#This Row],[ÇAP mm]]*0.02 | AJ32: =IF(40*Tablo2[[#This Row],[Et Kalınlığı ]]<485,Tablo2[[#This Row],[Et Kalınlığı ]]*40,485) | AK32: =1940*POWER(ROUND(AJ32,-1),0.2)/POWER(Tablo2[[#This Row],[Tensile Mpa]],0.9) | AL32: =IF(40*Tablo2[[#This Row],[Et Kalınlığı 2]]<485,Tablo2[[#This Row],[Et Kalınlığı ]]*40,485) | AM32: =1940*POWER(ROUND(Tablo1[[#This Row],[Axc mm22]],-1),0.2)/POWER(Tablo2[[#This Row],[Tensile Mpa]],0.9) | AN32: =IF(40*Tablo2[[#This Row],[Et Kalınlığı 3]]<485,Tablo2[[#This Row],[Et Kalınlığı ]]*40,485) | AO32: =1940*POWER(ROUND(Tablo1[[#This Row],[Axc mm23]],-1),0.2)/POWER(Tablo2[[#This Row],[Tensile Mpa]],0.9) | AP32: =IF(40*Tablo2[[#This Row],[Et Kalınlığı 4]]<485,Tablo2[[#This Row],[Et Kalınlığı 4]]*40,485) | AQ32: =1940*POWER(ROUND(Tablo1[[#This Row],[Axc mm24]],-1),0.2)/POWER(Tablo2[[#This Row],[Tensile Mpa]],0.9) | AR32: =IF(40*Tablo2[[#This Row],[Et Kalınlığı 5]]<485,Tablo2[[#This Row],[Et Kalınlığı 4]]*40,485) | AS32: =1940*POWER(ROUND(Tablo1[[#This Row],[Axc mm25]],-1),0.2)/POWER(Tablo2[[#This Row],[Tensile Mpa]],0.9)
B33: 10" | C33: 273.1 | D33: X46 | E33: 46400 | F33: 435 | G33: 5.16 | H33: =2*Tablo2[[#This Row],[SMYS Psi]]*Tablo2[[#This Row],[Et Kalınlığı ]]/Tablo2[[#This Row],[ÇAP mm]]/14.50377 | I33: 5.56 | J33: =2*Tablo2[[#This Row],[SMYS Psi]]*Tablo2[[#This Row],[Et Kalınlığı 2]]/Tablo2[[#This Row],[ÇAP mm]]/14.50377 | K33: 7.09 | L33: =2*Tablo2[[#This Row],[SMYS Psi]]*Tablo2[[#This Row],[Et Kalınlığı 3]]/Tablo2[[#This Row],[ÇAP mm]]/14.50377 | M33: 8.74 | N33: =2*Tablo2[[#This Row],[SMYS Psi]]*Tablo2[[#This Row],[Et Kalınlığı 4]]/Tablo2[[#This Row],[ÇAP mm]]/14.50377 | O33: 8.74 | P33: =2*Tablo2[[#This Row],[SMYS Psi]]*Tablo2[[#This Row],[Et Kalınlığı 5]]/Tablo2[[#This Row],[ÇAP mm]]/14.50377 | Q33: =IF(Tablo2[[#This Row],[ÇAP mm]]*0.005-1.6<0,Tablo2[[#This Row],[ÇAP mm]]*1.005,Tablo2[[#This Row],[ÇAP mm]]+1.6) | R33: =IF(Tablo2[[#This Row],[ÇAP mm]]*0.005-1.6<0,Tablo2[[#This Row],[ÇAP mm]]*0.995,Tablo2[[#This Row],[ÇAP mm]]-1.6) | S33: =IF(Tablo2[[#This Row],[ÇAP mm]]*0.0075-3.2<0,Tablo2[[#This Row],[ÇAP mm]]*1.0075,Tablo2[[#This Row],[ÇAP mm]]+3.2) | T33: =IF(Tablo2[[#This Row],[ÇAP mm]]*0.005-3.2<0,Tablo2[[#This Row],[ÇAP mm]]*0.9925,Tablo2[[#This Row],[ÇAP mm]]-3.2) | U33: =Tablo2[[#This Row],[ÇAP mm]]/Tablo2[[#This Row],[Et Kalınlığı ]] | V33: =Tablo2[[#This Row],[ÇAP mm]]/Tablo2[[#This Row],[Et Kalınlığı 2]] | W33: =Tablo2[[#This Row],[ÇAP mm]]/Tablo2[[#This Row],[Et Kalınlığı 3]] | X33: =Tablo2[[#This Row],[ÇAP mm]]/Tablo2[[#This Row],[Et Kalınlığı 4]] | Y33: =Tablo2[[#This Row],[ÇAP mm]]/Tablo2[[#This Row],[Et Kalınlığı 5]] | Z33: =Tablo2[[#This Row],[ÇAP mm]]*0.015/2 | AA33: =Tablo2[[#This Row],[ÇAP mm]]*0.02 | AB33: =Tablo2[[#This Row],[ÇAP mm]]*0.015/2 | AC33: =Tablo2[[#This Row],[ÇAP mm]]*0.02 | AD33: =Tablo2[[#This Row],[ÇAP mm]]*0.015/2 | AE33: =Tablo2[[#This Row],[ÇAP mm]]*0.02 | AF33: =IF(Tablo2[[#This Row],[ÇAP mm]]/Tablo2[[#This Row],[Et Kalınlığı 4]]<75,Tablo2[[#This Row],[ÇAP mm]]*0.015/2,"Anlaşmaya bağlıdır.") | AG33: =Tablo2[[#This Row],[ÇAP mm]]*0.02 | AH33: =IF(Tablo2[[#This Row],[ÇAP mm]]/Tablo2[[#This Row],[Et Kalınlığı 5]]<75,Tablo2[[#This Row],[ÇAP mm]]*0.015/2,"Anlaşmaya bağlıdır.") | AI33: =Tablo2[[#This Row],[ÇAP mm]]*0.02 | AJ33: =IF(40*Tablo2[[#This Row],[Et Kalınlığı ]]<485,Tablo2[[#This Row],[Et Kalınlığı ]]*40,485) | AK33: =1940*POWER(ROUND(AJ33,-1),0.2)/POWER(Tablo2[[#This Row],[Tensile Mpa]],0.9) | AL33: =IF(40*Tablo2[[#This Row],[Et Kalınlığı 2]]<485,Tablo2[[#This Row],[Et Kalınlığı ]]*40,485) | AM33: =1940*POWER(ROUND(Tablo1[[#This Row],[Axc mm22]],-1),0.2)/POWER(Tablo2[[#This Row],[Tensile Mpa]],0.9) | AN33: =IF(40*Tablo2[[#This Row],[Et Kalınlığı 3]]<485,Tablo2[[#This Row],[Et Kalınlığı ]]*40,485) | AO33: =1940*POWER(ROUND(Tablo1[[#This Row],[Axc mm23]],-1),0.2)/POWER(Tablo2[[#This Row],[Tensile Mpa]],0.9) | AP33: =IF(40*Tablo2[[#This Row],[Et Kalınlığı 4]]<485,Tablo2[[#This Row],[Et Kalınlığı 4]]*40,485) | AQ33: =1940*POWER(ROUND(Tablo1[[#This Row],[Axc mm24]],-1),0.2)/POWER(Tablo2[[#This Row],[Tensile Mpa]],0.9) | AR33: =IF(40*Tablo2[[#This Row],[Et Kalınlığı 5]]<485,Tablo2[[#This Row],[Et Kalınlığı 4]]*40,485) | AS33: =1940*POWER(ROUND(Tablo1[[#This Row],[Axc mm25]],-1),0.2)/POWER(Tablo2[[#This Row],[Tensile Mpa]],0.9)
B34: 12" | C34: 323.9 | D34: X52 | E34: 52200 | F34: 460 | G34: 5.16 | H34: =2*Tablo2[[#This Row],[SMYS Psi]]*Tablo2[[#This Row],[Et Kalınlığı ]]/Tablo2[[#This Row],[ÇAP mm]]/14.50377 | I34: 6.35 | J34: =2*Tablo2[[#This Row],[SMYS Psi]]*Tablo2[[#This Row],[Et Kalınlığı 2]]/Tablo2[[#This Row],[ÇAP mm]]/14.50377 | K34: 7.14 | L34: =2*Tablo2[[#This Row],[SMYS Psi]]*Tablo2[[#This Row],[Et Kalınlığı 3]]/Tablo2[[#This Row],[ÇAP mm]]/14.50377 | M34: 8.38 | N34: =2*Tablo2[[#This Row],[SMYS Psi]]*Tablo2[[#This Row],[Et Kalınlığı 4]]/Tablo2[[#This Row],[ÇAP mm]]/14.50377 | O34: 9.53 | P34: =2*Tablo2[[#This Row],[SMYS Psi]]*Tablo2[[#This Row],[Et Kalınlığı 5]]/Tablo2[[#This Row],[ÇAP mm]]/14.50377 | Q34: =IF(Tablo2[[#This Row],[ÇAP mm]]*0.005-1.6<0,Tablo2[[#This Row],[ÇAP mm]]*1.005,Tablo2[[#This Row],[ÇAP mm]]+1.6) | R34: =IF(Tablo2[[#This Row],[ÇAP mm]]*0.005-1.6<0,Tablo2[[#This Row],[ÇAP mm]]*0.995,Tablo2[[#This Row],[ÇAP mm]]-1.6) | S34: =IF(Tablo2[[#This Row],[ÇAP mm]]*0.0075-3.2<0,Tablo2[[#This Row],[ÇAP mm]]*1.0075,Tablo2[[#This Row],[ÇAP mm]]+3.2) | T34: =IF(Tablo2[[#This Row],[ÇAP mm]]*0.005-3.2<0,Tablo2[[#This Row],[ÇAP mm]]*0.9925,Tablo2[[#This Row],[ÇAP mm]]-3.2) | U34: =Tablo2[[#This Row],[ÇAP mm]]/Tablo2[[#This Row],[Et Kalınlığı ]] | V34: =Tablo2[[#This Row],[ÇAP mm]]/Tablo2[[#This Row],[Et Kalınlığı 2]] | W34: =Tablo2[[#This Row],[ÇAP mm]]/Tablo2[[#This Row],[Et Kalınlığı 3]] | X34: =Tablo2[[#This Row],[ÇAP mm]]/Tablo2[[#This Row],[Et Kalınlığı 4]] | Y34: =Tablo2[[#This Row],[ÇAP mm]]/Tablo2[[#This Row],[Et Kalınlığı 5]] | Z34: =Tablo2[[#This Row],[ÇAP mm]]*0.015/2 | AA34: =Tablo2[[#This Row],[ÇAP mm]]*0.02 | AB34: =Tablo2[[#This Row],[ÇAP mm]]*0.015/2 | AC34: =Tablo2[[#This Row],[ÇAP mm]]*0.02 | AD34: =Tablo2[[#This Row],[ÇAP mm]]*0.015/2 | AE34: =Tablo2[[#This Row],[ÇAP mm]]*0.02 | AF34: =IF(Tablo2[[#This Row],[ÇAP mm]]/Tablo2[[#This Row],[Et Kalınlığı 4]]<75,Tablo2[[#This Row],[ÇAP mm]]*0.015/2,"Anlaşmaya bağlıdır.") | AG34: =Tablo2[[#This Row],[ÇAP mm]]*0.02 | AH34: =IF(Tablo2[[#This Row],[ÇAP mm]]/Tablo2[[#This Row],[Et Kalınlığı 5]]<75,Tablo2[[#This Row],[ÇAP mm]]*0.015/2,"Anlaşmaya bağlıdır.") | AI34: =Tablo2[[#This Row],[ÇAP mm]]*0.02 | AJ34: =IF(40*Tablo2[[#This Row],[Et Kalınlığı ]]<485,Tablo2[[#This Row],[Et Kalınlığı ]]*40,485) | AK34: =1940*POWER(ROUND(AJ34,-1),0.2)/POWER(Tablo2[[#This Row],[Tensile Mpa]],0.9) | AL34: =IF(40*Tablo2[[#This Row],[Et Kalınlığı 2]]<485,Tablo2[[#This Row],[Et Kalınlığı ]]*40,485) | AM34: =1940*POWER(ROUND(Tablo1[[#This Row],[Axc mm22]],-1),0.2)/POWER(Tablo2[[#This Row],[Tensile Mpa]],0.9) | AN34: =IF(40*Tablo2[[#This Row],[Et Kalınlığı 3]]<485,Tablo2[[#This Row],[Et Kalınlığı ]]*40,485) | AO34: =1940*POWER(ROUND(Tablo1[[#This Row],[Axc mm23]],-1),0.2)/POWER(Tablo2[[#This Row],[Tensile Mpa]],0.9) | AP34: =IF(40*Tablo2[[#This Row],[Et Kalınlığı 4]]<485,Tablo2[[#This Row],[Et Kalınlığı 4]]*40,485) | AQ34: =1940*POWER(ROUND(Tablo1[[#This Row],[Axc mm24]],-1),0.2)/POWER(Tablo2[[#This Row],[Tensile Mpa]],0.9) | AR34: =IF(40*Tablo2[[#This Row],[Et Kalınlığı 5]]<485,Tablo2[[#This Row],[Et Kalınlığı 4]]*40,485) | AS34: =1940*POWER(ROUND(Tablo1[[#This Row],[Axc mm25]],-1),0.2)/POWER(Tablo2[[#This Row],[Tensile Mpa]],0.9)
B35: 14" | C35: 355.6 | D35: X52 | E35: 52200 | F35: 460 | G35: 5.16 | H35: =2*Tablo2[[#This Row],[SMYS Psi]]*Tablo2[[#This Row],[Et Kalınlığı ]]/Tablo2[[#This Row],[ÇAP mm]]/14.50377 | I35: 6.35 | J35: =2*Tablo2[[#This Row],[SMYS Psi]]*Tablo2[[#This Row],[Et Kalınlığı 2]]/Tablo2[[#This Row],[ÇAP mm]]/14.50377 | K35: 7.92 | L35: =2*Tablo2[[#This Row],[SMYS Psi]]*Tablo2[[#This Row],[Et Kalınlığı 3]]/Tablo2[[#This Row],[ÇAP mm]]/14.50377 | M35: 9.53 | N35: =2*Tablo2[[#This Row],[SMYS Psi]]*Tablo2[[#This Row],[Et Kalınlığı 4]]/Tablo2[[#This Row],[ÇAP mm]]/14.50377 | O35: 10.31 | P35: =2*Tablo2[[#This Row],[SMYS Psi]]*Tablo2[[#This Row],[Et Kalınlığı 5]]/Tablo2[[#This Row],[ÇAP mm]]/14.50377 | Q35: =IF(Tablo2[[#This Row],[ÇAP mm]]*0.005-1.6<0,Tablo2[[#This Row],[ÇAP mm]]*1.005,Tablo2[[#This Row],[ÇAP mm]]+1.6) | R35: =IF(Tablo2[[#This Row],[ÇAP mm]]*0.005-1.6<0,Tablo2[[#This Row],[ÇAP mm]]*0.995,Tablo2[[#This Row],[ÇAP mm]]-1.6) | S35: =IF(Tablo2[[#This Row],[ÇAP mm]]*0.0075-3.2<0,Tablo2[[#This Row],[ÇAP mm]]*1.0075,Tablo2[[#This Row],[ÇAP mm]]+3.2) | T35: =IF(Tablo2[[#This Row],[ÇAP mm]]*0.005-3.2<0,Tablo2[[#This Row],[ÇAP mm]]*0.9925,Tablo2[[#This Row],[ÇAP mm]]-3.2) | U35: =Tablo2[[#This Row],[ÇAP mm]]/Tablo2[[#This Row],[Et Kalınlığı ]] | V35: =Tablo2[[#This Row],[ÇAP mm]]/Tablo2[[#This Row],[Et Kalınlığı 2]] | W35: =Tablo2[[#This Row],[ÇAP mm]]/Tablo2[[#This Row],[Et Kalınlığı 3]] | X35: =Tablo2[[#This Row],[ÇAP mm]]/Tablo2[[#This Row],[Et Kalınlığı 4]] | Y35: =Tablo2[[#This Row],[ÇAP mm]]/Tablo2[[#This Row],[Et Kalınlığı 5]] | Z35: =Tablo2[[#This Row],[ÇAP mm]]*0.015/2 | AA35: =Tablo2[[#This Row],[ÇAP mm]]*0.02 | AB35: =Tablo2[[#This Row],[ÇAP mm]]*0.015/2 | AC35: =Tablo2[[#This Row],[ÇAP mm]]*0.02 | AD35: =Tablo2[[#This Row],[ÇAP mm]]*0.015/2 | AE35: =Tablo2[[#This Row],[ÇAP mm]]*0.02 | AF35: =IF(Tablo2[[#This Row],[ÇAP mm]]/Tablo2[[#This Row],[Et Kalınlığı 4]]<75,Tablo2[[#This Row],[ÇAP mm]]*0.015/2,"Anlaşmaya bağlıdır.") | AG35: =Tablo2[[#This Row],[ÇAP mm]]*0.02 | AH35: =IF(Tablo2[[#This Row],[ÇAP mm]]/Tablo2[[#This Row],[Et Kalınlığı 5]]<75,Tablo2[[#This Row],[ÇAP mm]]*0.015/2,"Anlaşmaya bağlıdır.") | AI35: =Tablo2[[#This Row],[ÇAP mm]]*0.02 | AJ35: =IF(40*Tablo2[[#This Row],[Et Kalınlığı ]]<485,Tablo2[[#This Row],[Et Kalınlığı ]]*40,485) | AK35: =1940*POWER(ROUND(AJ35,-1),0.2)/POWER(Tablo2[[#This Row],[Tensile Mpa]],0.9) | AL35: =IF(40*Tablo2[[#This Row],[Et Kalınlığı 2]]<485,Tablo2[[#This Row],[Et Kalınlığı ]]*40,485) | AM35: =1940*POWER(ROUND(Tablo1[[#This Row],[Axc mm22]],-1),0.2)/POWER(Tablo2[[#This Row],[Tensile Mpa]],0.9) | AN35: =IF(40*Tablo2[[#This Row],[Et Kalınlığı 3]]<485,Tablo2[[#This Row],[Et Kalınlığı ]]*40,485) | AO35: =1940*POWER(ROUND(Tablo1[[#This Row],[Axc mm23]],-1),0.2)/POWER(Tablo2[[#This Row],[Tensile Mpa]],0.9) | AP35: =IF(40*Tablo2[[#This Row],[Et Kalınlığı 4]]<485,Tablo2[[#This Row],[Et Kalınlığı 4]]*40,485) | AQ35: =1940*POWER(ROUND(Tablo1[[#This Row],[Axc mm24]],-1),0.2)/POWER(Tablo2[[#This Row],[Tensile Mpa]],0.9) | AR35: =IF(40*Tablo2[[#This Row],[Et Kalınlığı 5]]<485,Tablo2[[#This Row],[Et Kalınlığı 4]]*40,485) | AS35: =1940*POWER(ROUND(Tablo1[[#This Row],[Axc mm25]],-1),0.2)/POWER(Tablo2[[#This Row],[Tensile Mpa]],0.9)
B36: 16" | C36: 406.4 | D36: X60 | E36: 60200 | F36: 520 | G36: 5.16 | H36: =2*Tablo2[[#This Row],[SMYS Psi]]*Tablo2[[#This Row],[Et Kalınlığı ]]/Tablo2[[#This Row],[ÇAP mm]]/14.50377 | I36: 6.35 | J36: =2*Tablo2[[#This Row],[SMYS Psi]]*Tablo2[[#This Row],[Et Kalınlığı 2]]/Tablo2[[#This Row],[ÇAP mm]]/14.50377 | K36: 7.92 | L36: =2*Tablo2[[#This Row],[SMYS Psi]]*Tablo2[[#This Row],[Et Kalınlığı 3]]/Tablo2[[#This Row],[ÇAP mm]]/14.50377 | M36: 9.53 | N36: =2*Tablo2[[#This Row],[SMYS Psi]]*Tablo2[[#This Row],[Et Kalınlığı 4]]/Tablo2[[#This Row],[ÇAP mm]]/14.50377 | O36: 10.31 | P36: =2*Tablo2[[#This Row],[SMYS Psi]]*Tablo2[[#This Row],[Et Kalınlığı 5]]/Tablo2[[#This Row],[ÇAP mm]]/14.50377 | Q36: =IF(Tablo2[[#This Row],[ÇAP mm]]*0.005-1.6<0,Tablo2[[#This Row],[ÇAP mm]]*1.005,Tablo2[[#This Row],[ÇAP mm]]+1.6) | R36: =IF(Tablo2[[#This Row],[ÇAP mm]]*0.005-1.6<0,Tablo2[[#This Row],[ÇAP mm]]*0.995,Tablo2[[#This Row],[ÇAP mm]]-1.6) | S36: =IF(Tablo2[[#This Row],[ÇAP mm]]*0.0075-3.2<0,Tablo2[[#This Row],[ÇAP mm]]*1.0075,Tablo2[[#This Row],[ÇAP mm]]+3.2) | T36: =IF(Tablo2[[#This Row],[ÇAP mm]]*0.005-3.2<0,Tablo2[[#This Row],[ÇAP mm]]*0.9925,Tablo2[[#This Row],[ÇAP mm]]-3.2) | U36: =Tablo2[[#This Row],[ÇAP mm]]/Tablo2[[#This Row],[Et Kalınlığı ]] | V36: =Tablo2[[#This Row],[ÇAP mm]]/Tablo2[[#This Row],[Et Kalınlığı 2]] | W36: =Tablo2[[#This Row],[ÇAP mm]]/Tablo2[[#This Row],[Et Kalınlığı 3]] | X36: =Tablo2[[#This Row],[ÇAP mm]]/Tablo2[[#This Row],[Et Kalınlığı 4]] | Y36: =Tablo2[[#This Row],[ÇAP mm]]/Tablo2[[#This Row],[Et Kalınlığı 5]] | Z36: =Tablo2[[#This Row],[ÇAP mm]]*0.015/2 | AA36: =Tablo2[[#This Row],[ÇAP mm]]*0.02 | AB36: =Tablo2[[#This Row],[ÇAP mm]]*0.015/2 | AC36: =Tablo2[[#This Row],[ÇAP mm]]*0.02 | AD36: =Tablo2[[#This Row],[ÇAP mm]]*0.015/2 | AE36: =Tablo2[[#This Row],[ÇAP mm]]*0.02 | AF36: =IF(Tablo2[[#This Row],[ÇAP mm]]/Tablo2[[#This Row],[Et Kalınlığı 4]]<75,Tablo2[[#This Row],[ÇAP mm]]*0.015/2,"Anlaşmaya bağlıdır.") | AG36: =Tablo2[[#This Row],[ÇAP mm]]*0.02 | AH36: =IF(Tablo2[[#This Row],[ÇAP mm]]/Tablo2[[#This Row],[Et Kalınlığı 5]]<75,Tablo2[[#This Row],[ÇAP mm]]*0.015/2,"Anlaşmaya bağlıdır.") | AI36: =Tablo2[[#This Row],[ÇAP mm]]*0.02 | AJ36: =IF(40*Tablo2[[#This Row],[Et Kalınlığı ]]<485,Tablo2[[#This Row],[Et Kalınlığı ]]*40,485) | AK36: =1940*POWER(ROUND(AJ36,-1),0.2)/POWER(Tablo2[[#This Row],[Tensile Mpa]],0.9) | AL36: =IF(40*Tablo2[[#This Row],[Et Kalınlığı 2]]<485,Tablo2[[#This Row],[Et Kalınlığı ]]*40,485) | AM36: =1940*POWER(ROUND(Tablo1[[#This Row],[Axc mm22]],-1),0.2)/POWER(Tablo2[[#This Row],[Tensile Mpa]],0.9) | AN36: =IF(40*Tablo2[[#This Row],[Et Kalınlığı 3]]<485,Tablo2[[#This Row],[Et Kalınlığı ]]*40,485) | AO36: =1940*POWER(ROUND(Tablo1[[#This Row],[Axc mm23]],-1),0.2)/POWER(Tablo2[[#This Row],[Tensile Mpa]],0.9) | AP36: =IF(40*Tablo2[[#This Row],[Et Kalınlığı 4]]<485,Tablo2[[#This Row],[Et Kalınlığı 4]]*40,485) | AQ36: =1940*POWER(ROUND(Tablo1[[#This Row],[Axc mm24]],-1),0.2)/POWER(Tablo2[[#This Row],[Tensile Mpa]],0.9) | AR36: =IF(40*Tablo2[[#This Row],[Et Kalınlığı 5]]<485,Tablo2[[#This Row],[Et Kalınlığı 4]]*40,485) | AS36: =1940*POWER(ROUND(Tablo1[[#This Row],[Axc mm25]],-1),0.2)/POWER(Tablo2[[#This Row],[Tensile Mpa]],0.9)
B37: 18" | C37: 457 | D37: X65 | E37: 65300 | F37: 535 | G37: 5.56 | H37: =2*Tablo2[[#This Row],[SMYS Psi]]*Tablo2[[#This Row],[Et Kalınlığı ]]/Tablo2[[#This Row],[ÇAP mm]]/14.50377 | I37: 6.35 | J37: =2*Tablo2[[#This Row],[SMYS Psi]]*Tablo2[[#This Row],[Et Kalınlığı 2]]/Tablo2[[#This Row],[ÇAP mm]]/14.50377 | K37: 7.92 | L37: =2*Tablo2[[#This Row],[SMYS Psi]]*Tablo2[[#This Row],[Et Kalınlığı 3]]/Tablo2[[#This Row],[ÇAP mm]]/14.50377 | M37: 9.53 | N37: =2*Tablo2[[#This Row],[SMYS Psi]]*Tablo2[[#This Row],[Et Kalınlığı 4]]/Tablo2[[#This Row],[ÇAP mm]]/14.50377 | O37: 10.31 | P37: =2*Tablo2[[#This Row],[SMYS Psi]]*Tablo2[[#This Row],[Et Kalınlığı 5]]/Tablo2[[#This Row],[ÇAP mm]]/14.50377 | Q37: =IF(Tablo2[[#This Row],[ÇAP mm]]*0.005-1.6<0,Tablo2[[#This Row],[ÇAP mm]]*1.005,Tablo2[[#This Row],[ÇAP mm]]+1.6) | R37: =IF(Tablo2[[#This Row],[ÇAP mm]]*0.005-1.6<0,Tablo2[[#This Row],[ÇAP mm]]*0.995,Tablo2[[#This Row],[ÇAP mm]]-1.6) | S37: =IF(Tablo2[[#This Row],[ÇAP mm]]*0.0075-3.2<0,Tablo2[[#This Row],[ÇAP mm]]*1.0075,Tablo2[[#This Row],[ÇAP mm]]+3.2) | T37: =IF(Tablo2[[#This Row],[ÇAP mm]]*0.005-3.2<0,Tablo2[[#This Row],[ÇAP mm]]*0.9925,Tablo2[[#This Row],[ÇAP mm]]-3.2) | U37: =Tablo2[[#This Row],[ÇAP mm]]/Tablo2[[#This Row],[Et Kalınlığı ]] | V37: =Tablo2[[#This Row],[ÇAP mm]]/Tablo2[[#This Row],[Et Kalınlığı 2]] | W37: =Tablo2[[#This Row],[ÇAP mm]]/Tablo2[[#This Row],[Et Kalınlığı 3]] | X37: =Tablo2[[#This Row],[ÇAP mm]]/Tablo2[[#This Row],[Et Kalınlığı 4]] | Y37: =Tablo2[[#This Row],[ÇAP mm]]/Tablo2[[#This Row],[Et Kalınlığı 5]] | Z37: =Tablo2[[#This Row],[ÇAP mm]]*0.015/2 | AA37: =Tablo2[[#This Row],[ÇAP mm]]*0.02 | AB37: =Tablo2[[#This Row],[ÇAP mm]]*0.015/2 | AC37: =Tablo2[[#This Row],[ÇAP mm]]*0.02 | AD37: =Tablo2[[#This Row],[ÇAP mm]]*0.015/2 | AE37: =Tablo2[[#This Row],[ÇAP mm]]*0.02 | AF37: =IF(Tablo2[[#This Row],[ÇAP mm]]/Tablo2[[#This Row],[Et Kalınlığı 4]]<75,Tablo2[[#This Row],[ÇAP mm]]*0.015/2,"Anlaşmaya bağlıdır.") | AG37: =Tablo2[[#This Row],[ÇAP mm]]*0.02 | AH37: =IF(Tablo2[[#This Row],[ÇAP mm]]/Tablo2[[#This Row],[Et Kalınlığı 5]]<75,Tablo2[[#This Row],[ÇAP mm]]*0.015/2,"Anlaşmaya bağlıdır.") | AI37: =Tablo2[[#This Row],[ÇAP mm]]*0.02 | AJ37: =IF(40*Tablo2[[#This Row],[Et Kalınlığı ]]<485,Tablo2[[#This Row],[Et Kalınlığı ]]*40,485) | AK37: =1940*POWER(ROUND(AJ37,-1),0.2)/POWER(Tablo2[[#This Row],[Tensile Mpa]],0.9) | AL37: =IF(40*Tablo2[[#This Row],[Et Kalınlığı 2]]<485,Tablo2[[#This Row],[Et Kalınlığı ]]*40,485) | AM37: =1940*POWER(ROUND(Tablo1[[#This Row],[Axc mm22]],-1),0.2)/POWER(Tablo2[[#This Row],[Tensile Mpa]],0.9) | AN37: =IF(40*Tablo2[[#This Row],[Et Kalınlığı 3]]<485,Tablo2[[#This Row],[Et Kalınlığı ]]*40,485) | AO37: =1940*POWER(ROUND(Tablo1[[#This Row],[Axc mm23]],-1),0.2)/POWER(Tablo2[[#This Row],[Tensile Mpa]],0.9) | AP37: =IF(40*Tablo2[[#This Row],[Et Kalınlığı 4]]<485,Tablo2[[#This Row],[Et Kalınlığı 4]]*40,485) | AQ37: =1940*POWER(ROUND(Tablo1[[#This Row],[Axc mm24]],-1),0.2)/POWER(Tablo2[[#This Row],[Tensile Mpa]],0.9) | AR37: =IF(40*Tablo2[[#This Row],[Et Kalınlığı 5]]<485,Tablo2[[#This Row],[Et Kalınlığı 4]]*40,485) | AS37: =1940*POWER(ROUND(Tablo1[[#This Row],[Axc mm25]],-1),0.2)/POWER(Tablo2[[#This Row],[Tensile Mpa]],0.9)
B38: 20" | C38: 508 | D38: X65 | E38: 65300 | F38: 535 | G38: 6.35 | H38: =2*Tablo2[[#This Row],[SMYS Psi]]*Tablo2[[#This Row],[Et Kalınlığı ]]/Tablo2[[#This Row],[ÇAP mm]]/14.50377 | I38: 7.14 | J38: =2*Tablo2[[#This Row],[SMYS Psi]]*Tablo2[[#This Row],[Et Kalınlığı 2]]/Tablo2[[#This Row],[ÇAP mm]]/14.50377 | K38: 8.74 | L38: =2*Tablo2[[#This Row],[SMYS Psi]]*Tablo2[[#This Row],[Et Kalınlığı 3]]/Tablo2[[#This Row],[ÇAP mm]]/14.50377 | M38: 10.31 | N38: =2*Tablo2[[#This Row],[SMYS Psi]]*Tablo2[[#This Row],[Et Kalınlığı 4]]/Tablo2[[#This Row],[ÇAP mm]]/14.50377 | O38: 11.13 | P38: =2*Tablo2[[#This Row],[SMYS Psi]]*Tablo2[[#This Row],[Et Kalınlığı 5]]/Tablo2[[#This Row],[ÇAP mm]]/14.50377 | Q38: =IF(Tablo2[[#This Row],[ÇAP mm]]*0.005-1.6<0,Tablo2[[#This Row],[ÇAP mm]]*1.005,Tablo2[[#This Row],[ÇAP mm]]+1.6) | R38: =IF(Tablo2[[#This Row],[ÇAP mm]]*0.005-1.6<0,Tablo2[[#This Row],[ÇAP mm]]*0.995,Tablo2[[#This Row],[ÇAP mm]]-1.6) | S38: =IF(Tablo2[[#This Row],[ÇAP mm]]*0.0075-3.2<0,Tablo2[[#This Row],[ÇAP mm]]*1.0075,Tablo2[[#This Row],[ÇAP mm]]+3.2) | T38: =IF(Tablo2[[#This Row],[ÇAP mm]]*0.005-3.2<0,Tablo2[[#This Row],[ÇAP mm]]*0.9925,Tablo2[[#This Row],[ÇAP mm]]-3.2) | U38: =Tablo2[[#This Row],[ÇAP mm]]/Tablo2[[#This Row],[Et Kalınlığı ]] | V38: =Tablo2[[#This Row],[ÇAP mm]]/Tablo2[[#This Row],[Et Kalınlığı 2]] | W38: =Tablo2[[#This Row],[ÇAP mm]]/Tablo2[[#This Row],[Et Kalınlığı 3]] | X38: =Tablo2[[#This Row],[ÇAP mm]]/Tablo2[[#This Row],[Et Kalınlığı 4]] | Y38: =Tablo2[[#This Row],[ÇAP mm]]/Tablo2[[#This Row],[Et Kalınlığı 5]] | Z38: =Tablo2[[#This Row],[ÇAP mm]]*0.015/2 | AA38: =Tablo2[[#This Row],[ÇAP mm]]*0.02 | AB38: =Tablo2[[#This Row],[ÇAP mm]]*0.015/2 | AC38: =Tablo2[[#This Row],[ÇAP mm]]*0.02 | AD38: =Tablo2[[#This Row],[ÇAP mm]]*0.015/2 | AE38: =Tablo2[[#This Row],[ÇAP mm]]*0.02 | AF38: =IF(Tablo2[[#This Row],[ÇAP mm]]/Tablo2[[#This Row],[Et Kalınlığı 4]]<75,Tablo2[[#This Row],[ÇAP mm]]*0.015/2,"Anlaşmaya bağlıdır.") | AG38: =Tablo2[[#This Row],[ÇAP mm]]*0.02 | AH38: =IF(Tablo2[[#This Row],[ÇAP mm]]/Tablo2[[#This Row],[Et Kalınlığı 5]]<75,Tablo2[[#This Row],[ÇAP mm]]*0.015/2,"Anlaşmaya bağlıdır.") | AI38: =Tablo2[[#This Row],[ÇAP mm]]*0.02 | AJ38: =IF(40*Tablo2[[#This Row],[Et Kalınlığı ]]<485,Tablo2[[#This Row],[Et Kalınlığı ]]*40,485) | AK38: =1940*POWER(ROUND(AJ38,-1),0.2)/POWER(Tablo2[[#This Row],[Tensile Mpa]],0.9) | AL38: =IF(40*Tablo2[[#This Row],[Et Kalınlığı 2]]<485,Tablo2[[#This Row],[Et Kalınlığı ]]*40,485) | AM38: =1940*POWER(ROUND(Tablo1[[#This Row],[Axc mm22]],-1),0.2)/POWER(Tablo2[[#This Row],[Tensile Mpa]],0.9) | AN38: =IF(40*Tablo2[[#This Row],[Et Kalınlığı 3]]<485,Tablo2[[#This Row],[Et Kalınlığı ]]*40,485) | AO38: =1940*POWER(ROUND(Tablo1[[#This Row],[Axc mm23]],-1),0.2)/POWER(Tablo2[[#This Row],[Tensile Mpa]],0.9) | AP38: =IF(40*Tablo2[[#This Row],[Et Kalınlığı 4]]<485,Tablo2[[#This Row],[Et Kalınlığı 4]]*40,485) | AQ38: =1940*POWER(ROUND(Tablo1[[#This Row],[Axc mm24]],-1),0.2)/POWER(Tablo2[[#This Row],[Tensile Mpa]],0.9) | AR38: =IF(40*Tablo2[[#This Row],[Et Kalınlığı 5]]<485,Tablo2[[#This Row],[Et Kalınlığı 4]]*40,485) | AS38: =1940*POWER(ROUND(Tablo1[[#This Row],[Axc mm25]],-1),0.2)/POWER(Tablo2[[#This Row],[Tensile Mpa]],0.9)
B39: 22" | C39: 559 | D39: X65 | E39: 65300 | F39: 535 | G39: 7.14 | H39: =2*Tablo2[[#This Row],[SMYS Psi]]*Tablo2[[#This Row],[Et Kalınlığı ]]/Tablo2[[#This Row],[ÇAP mm]]/14.50377 | I39: 7.92 | J39: =2*Tablo2[[#This Row],[SMYS Psi]]*Tablo2[[#This Row],[Et Kalınlığı 2]]/Tablo2[[#This Row],[ÇAP mm]]/14.50377 | K39: 9.53 | L39: =2*Tablo2[[#This Row],[SMYS Psi]]*Tablo2[[#This Row],[Et Kalınlığı 3]]/Tablo2[[#This Row],[ÇAP mm]]/14.50377 | M39: 11.13 | N39: =2*Tablo2[[#This Row],[SMYS Psi]]*Tablo2[[#This Row],[Et Kalınlığı 4]]/Tablo2[[#This Row],[ÇAP mm]]/14.50377 | O39: 11.97 | P39: =2*Tablo2[[#This Row],[SMYS Psi]]*Tablo2[[#This Row],[Et Kalınlığı 5]]/Tablo2[[#This Row],[ÇAP mm]]/14.50377 | Q39: =IF(Tablo2[[#This Row],[ÇAP mm]]*0.005-1.6<0,Tablo2[[#This Row],[ÇAP mm]]*1.005,Tablo2[[#This Row],[ÇAP mm]]+1.6) | R39: =IF(Tablo2[[#This Row],[ÇAP mm]]*0.005-1.6<0,Tablo2[[#This Row],[ÇAP mm]]*0.995,Tablo2[[#This Row],[ÇAP mm]]-1.6) | S39: =IF(Tablo2[[#This Row],[ÇAP mm]]*0.0075-3.2<0,Tablo2[[#This Row],[ÇAP mm]]*1.0075,Tablo2[[#This Row],[ÇAP mm]]+3.2) | T39: =IF(Tablo2[[#This Row],[ÇAP mm]]*0.005-3.2<0,Tablo2[[#This Row],[ÇAP mm]]*0.9925,Tablo2[[#This Row],[ÇAP mm]]-3.2) | U39: =Tablo2[[#This Row],[ÇAP mm]]/Tablo2[[#This Row],[Et Kalınlığı ]] | V39: =Tablo2[[#This Row],[ÇAP mm]]/Tablo2[[#This Row],[Et Kalınlığı 2]] | W39: =Tablo2[[#This Row],[ÇAP mm]]/Tablo2[[#This Row],[Et Kalınlığı 3]] | X39: =Tablo2[[#This Row],[ÇAP mm]]/Tablo2[[#This Row],[Et Kalınlığı 4]] | Y39: =Tablo2[[#This Row],[ÇAP mm]]/Tablo2[[#This Row],[Et Kalınlığı 5]] | Z39: =Tablo2[[#This Row],[ÇAP mm]]*0.015/2 | AA39: =Tablo2[[#This Row],[ÇAP mm]]*0.02 | AB39: =Tablo2[[#This Row],[ÇAP mm]]*0.015/2 | AC39: =Tablo2[[#This Row],[ÇAP mm]]*0.02 | AD39: =Tablo2[[#This Row],[ÇAP mm]]*0.015/2 | AE39: =Tablo2[[#This Row],[ÇAP mm]]*0.02 | AF39: =IF(Tablo2[[#This Row],[ÇAP mm]]/Tablo2[[#This Row],[Et Kalınlığı 4]]<75,Tablo2[[#This Row],[ÇAP mm]]*0.015/2,"Anlaşmaya bağlıdır.") | AG39: =Tablo2[[#This Row],[ÇAP mm]]*0.02 | AH39: =IF(Tablo2[[#This Row],[ÇAP mm]]/Tablo2[[#This Row],[Et Kalınlığı 5]]<75,Tablo2[[#This Row],[ÇAP mm]]*0.015/2,"Anlaşmaya bağlıdır.") | AI39: =Tablo2[[#This Row],[ÇAP mm]]*0.02 | AJ39: =IF(40*Tablo2[[#This Row],[Et Kalınlığı ]]<485,Tablo2[[#This Row],[Et Kalınlığı ]]*40,485) | AK39: =1940*POWER(ROUND(AJ39,-1),0.2)/POWER(Tablo2[[#This Row],[Tensile Mpa]],0.9) | AL39: =IF(40*Tablo2[[#This Row],[Et Kalınlığı 2]]<485,Tablo2[[#This Row],[Et Kalınlığı ]]*40,485) | AM39: =1940*POWER(ROUND(Tablo1[[#This Row],[Axc mm22]],-1),0.2)/POWER(Tablo2[[#This Row],[Tensile Mpa]],0.9) | AN39: =IF(40*Tablo2[[#This Row],[Et Kalınlığı 3]]<485,Tablo2[[#This Row],[Et Kalınlığı ]]*40,485) | AO39: =1940*POWER(ROUND(Tablo1[[#This Row],[Axc mm23]],-1),0.2)/POWER(Tablo2[[#This Row],[Tensile Mpa]],0.9) | AP39: =IF(40*Tablo2[[#This Row],[Et Kalınlığı 4]]<485,Tablo2[[#This Row],[Et Kalınlığı 4]]*40,485) | AQ39: =1940*POWER(ROUND(Tablo1[[#This Row],[Axc mm24]],-1),0.2)/POWER(Tablo2[[#This Row],[Tensile Mpa]],0.9) | AR39: =IF(40*Tablo2[[#This Row],[Et Kalınlığı 5]]<485,Tablo2[[#This Row],[Et Kalınlığı 4]]*40,485) | AS39: =1940*POWER(ROUND(Tablo1[[#This Row],[Axc mm25]],-1),0.2)/POWER(Tablo2[[#This Row],[Tensile Mpa]],0.9)
B40: 24" | C40: 610 | D40: X65 | E40: 65300 | F40: 535 | G40: 7.14 | H40: =2*Tablo2[[#This Row],[SMYS Psi]]*Tablo2[[#This Row],[Et Kalınlığı ]]/Tablo2[[#This Row],[ÇAP mm]]/14.50377 | I40: 8.74 | J40: =2*Tablo2[[#This Row],[SMYS Psi]]*Tablo2[[#This Row],[Et Kalınlığı 2]]/Tablo2[[#This Row],[ÇAP mm]]/14.50377 | K40: 10.31 | L40: =2*Tablo2[[#This Row],[SMYS Psi]]*Tablo2[[#This Row],[Et Kalınlığı 3]]/Tablo2[[#This Row],[ÇAP mm]]/14.50377 | M40: 11.97 | N40: =2*Tablo2[[#This Row],[SMYS Psi]]*Tablo2[[#This Row],[Et Kalınlığı 4]]/Tablo2[[#This Row],[ÇAP mm]]/14.50377 | O40: 12.7 | P40: =2*Tablo2[[#This Row],[SMYS Psi]]*Tablo2[[#This Row],[Et Kalınlığı 5]]/Tablo2[[#This Row],[ÇAP mm]]/14.50377 | Q40: =IF(Tablo2[[#This Row],[ÇAP mm]]*0.005-1.6<0,Tablo2[[#This Row],[ÇAP mm]]*1.005,Tablo2[[#This Row],[ÇAP mm]]+1.6) | R40: =IF(Tablo2[[#This Row],[ÇAP mm]]*0.005-1.6<0,Tablo2[[#This Row],[ÇAP mm]]*0.995,Tablo2[[#This Row],[ÇAP mm]]-1.6) | S40: =IF(Tablo2[[#This Row],[ÇAP mm]]*0.0075-3.2<0,Tablo2[[#This Row],[ÇAP mm]]*1.0075,Tablo2[[#This Row],[ÇAP mm]]+3.2) | T40: =IF(Tablo2[[#This Row],[ÇAP mm]]*0.005-3.2<0,Tablo2[[#This Row],[ÇAP mm]]*0.9925,Tablo2[[#This Row],[ÇAP mm]]-3.2) | U40: =Tablo2[[#This Row],[ÇAP mm]]/Tablo2[[#This Row],[Et Kalınlığı ]] | V40: =Tablo2[[#This Row],[ÇAP mm]]/Tablo2[[#This Row],[Et Kalınlığı 2]] | W40: =Tablo2[[#This Row],[ÇAP mm]]/Tablo2[[#This Row],[Et Kalınlığı 3]] | X40: =Tablo2[[#This Row],[ÇAP mm]]/Tablo2[[#This Row],[Et Kalınlığı 4]] | Y40: =Tablo2[[#This Row],[ÇAP mm]]/Tablo2[[#This Row],[Et Kalınlığı 5]] | Z40: =Tablo2[[#This Row],[ÇAP mm]]*0.015/2 | AA40: =Tablo2[[#This Row],[ÇAP mm]]*0.02 | AB40: =Tablo2[[#This Row],[ÇAP mm]]*0.015/2 | AC40: =Tablo2[[#This Row],[ÇAP mm]]*0.02 | AD40: =Tablo2[[#This Row],[ÇAP mm]]*0.015/2 | AE40: =Tablo2[[#This Row],[ÇAP mm]]*0.02 | AF40: =IF(Tablo2[[#This Row],[ÇAP mm]]/Tablo2[[#This Row],[Et Kalınlığı 4]]<75,Tablo2[[#This Row],[ÇAP mm]]*0.015/2,"Anlaşmaya bağlıdır.") | AG40: =Tablo2[[#This Row],[ÇAP mm]]*0.02 | AH40: =IF(Tablo2[[#This Row],[ÇAP mm]]/Tablo2[[#This Row],[Et Kalınlığı 4]]<75,Tablo2[[#This Row],[ÇAP mm]]*0.015/2,"Anlaşmaya bağlıdır.") | AI40: =Tablo2[[#This Row],[ÇAP mm]]*0.02 | AJ40: =IF(40*Tablo2[[#This Row],[Et Kalınlığı ]]<485,Tablo2[[#This Row],[Et Kalınlığı ]]*40,485) | AK40: =1940*POWER(ROUND(AJ40,-1),0.2)/POWER(Tablo2[[#This Row],[Tensile Mpa]],0.9) | AL40: =IF(40*Tablo2[[#This Row],[Et Kalınlığı 2]]<485,Tablo2[[#This Row],[Et Kalınlığı ]]*40,485) | AM40: =1940*POWER(ROUND(Tablo1[[#This Row],[Axc mm22]],-1),0.2)/POWER(Tablo2[[#This Row],[Tensile Mpa]],0.9) | AN40: =IF(40*Tablo2[[#This Row],[Et Kalınlığı 3]]<485,Tablo2[[#This Row],[Et Kalınlığı ]]*40,485) | AO40: =1940*POWER(ROUND(Tablo1[[#This Row],[Axc mm23]],-1),0.2)/POWER(Tablo2[[#This Row],[Tensile Mpa]],0.9) | AP40: =IF(40*Tablo2[[#This Row],[Et Kalınlığı 4]]<485,Tablo2[[#This Row],[Et Kalınlığı 4]]*40,485) | AQ40: =1940*POWER(ROUND(Tablo1[[#This Row],[Axc mm24]],-1),0.2)/POWER(Tablo2[[#This Row],[Tensile Mpa]],0.9) | AR40: =IF(40*Tablo2[[#This Row],[Et Kalınlığı 5]]<485,Tablo2[[#This Row],[Et Kalınlığı 4]]*40,485) | AS40: =1940*POWER(ROUND(Tablo1[[#This Row],[Axc mm25]],-1),0.2)/POWER(Tablo2[[#This Row],[Tensile Mpa]],0.9)
B41: 30" | C41: 762 | D41: X65 | E41: 65300 | F41: 535 | G41: 9.53 | H41: =2*Tablo2[[#This Row],[SMYS Psi]]*Tablo2[[#This Row],[Et Kalınlığı ]]/Tablo2[[#This Row],[ÇAP mm]]/14.50377 | I41: 11.13 | J41: =2*Tablo2[[#This Row],[SMYS Psi]]*Tablo2[[#This Row],[Et Kalınlığı 2]]/Tablo2[[#This Row],[ÇAP mm]]/14.50377 | K41: 12.7 | L41: =2*Tablo2[[#This Row],[SMYS Psi]]*Tablo2[[#This Row],[Et Kalınlığı 3]]/Tablo2[[#This Row],[ÇAP mm]]/14.50377 | M41: 14.27 | N41: =2*Tablo2[[#This Row],[SMYS Psi]]*Tablo2[[#This Row],[Et Kalınlığı 4]]/Tablo2[[#This Row],[ÇAP mm]]/14.50377 | O41: 15.88 | P41: =2*Tablo2[[#This Row],[SMYS Psi]]*Tablo2[[#This Row],[Et Kalınlığı 5]]/Tablo2[[#This Row],[ÇAP mm]]/14.50377 | Q41: =Tablo2[[#This Row],[ÇAP mm]]+1.6 | R41: =Tablo2[[#This Row],[ÇAP mm]]-1.6 | S41: =IF(Tablo2[[#This Row],[ÇAP mm]]*0.005-4<0,Tablo2[[#This Row],[ÇAP mm]]*1.005,Tablo2[[#This Row],[ÇAP mm]]+4) | T41: =IF(Tablo2[[#This Row],[ÇAP mm]]*0.005-4<0,Tablo2[[#This Row],[ÇAP mm]]*0.995,Tablo2[[#This Row],[ÇAP mm]]+4) | U41: =Tablo2[[#This Row],[ÇAP mm]]/Tablo2[[#This Row],[Et Kalınlığı ]] | V41: =Tablo2[[#This Row],[ÇAP mm]]/Tablo2[[#This Row],[Et Kalınlığı 2]] | W41: =Tablo2[[#This Row],[ÇAP mm]]/Tablo2[[#This Row],[Et Kalınlığı 3]] | X41: =Tablo2[[#This Row],[ÇAP mm]]/Tablo2[[#This Row],[Et Kalınlığı 4]] | Y41: =Tablo2[[#This Row],[ÇAP mm]]/Tablo2[[#This Row],[Et Kalınlığı 5]] | Z41: =IF(Tablo2[[#This Row],[ÇAP mm]]/Tablo2[[#This Row],[Et Kalınlığı ]]<75,Tablo2[[#This Row],[ÇAP mm]]*0.01/2,"Anlaşmaya bağlıdır.") | AA41: =IF(Tablo2[[#This Row],[ÇAP mm]]/Tablo2[[#This Row],[Et Kalınlığı ]]<75,Tablo2[[#This Row],[ÇAP mm]]*0.015,"Anlaşmaya bağlıdır.") | AB41: =IF(Tablo2[[#This Row],[ÇAP mm]]/Tablo2[[#This Row],[Et Kalınlığı 2]]<75,Tablo2[[#This Row],[ÇAP mm]]*0.01/2,"Anlaşmaya bağlıdır.") | AC41: =IF(Tablo2[[#This Row],[ÇAP mm]]/Tablo2[[#This Row],[Et Kalınlığı 2]]<75,Tablo2[[#This Row],[ÇAP mm]]*0.015,"Anlaşmaya bağlıdır.") | AD41: =IF(Tablo2[[#This Row],[ÇAP mm]]/Tablo2[[#This Row],[Et Kalınlığı 3]]<75,Tablo2[[#This Row],[ÇAP mm]]*0.01/2,"Anlaşmaya bağlıdır.") | AE41: =IF(Tablo2[[#This Row],[ÇAP mm]]/Tablo2[[#This Row],[Et Kalınlığı 3]]<75,Tablo2[[#This Row],[ÇAP mm]]*0.015,"Anlaşmaya bağlıdır.") | AF41: =IF(Tablo2[[#This Row],[ÇAP mm]]/Tablo2[[#This Row],[Et Kalınlığı 4]]<75,Tablo2[[#This Row],[ÇAP mm]]*0.015/2,"Anlaşmaya bağlıdır.") | AG41: =IF(Tablo2[[#This Row],[ÇAP mm]]/Tablo2[[#This Row],[Et Kalınlığı 4]]<75,Tablo2[[#This Row],[ÇAP mm]]*0.015,"Anlaşmaya bağlıdır.") | AH41: =IF(Tablo2[[#This Row],[ÇAP mm]]/Tablo2[[#This Row],[Et Kalınlığı 4]]<75,Tablo2[[#This Row],[ÇAP mm]]*0.015/2,"Anlaşmaya bağlıdır.") | AI41: =IF(Tablo2[[#This Row],[ÇAP mm]]/Tablo2[[#This Row],[Et Kalınlığı 5]]<75,Tablo2[[#This Row],[ÇAP mm]]*0.015,"Anlaşmaya bağlıdır.") | AJ41: =IF(40*Tablo2[[#This Row],[Et Kalınlığı ]]<485,Tablo2[[#This Row],[Et Kalınlığı ]]*40,485) | AK41: =1940*POWER(ROUND(AJ41,-1),0.2)/POWER(Tablo2[[#This Row],[Tensile Mpa]],0.9) | AL41: =IF(40*Tablo2[[#This Row],[Et Kalınlığı 2]]<485,Tablo2[[#This Row],[Et Kalınlığı ]]*40,485) | AM41: =1940*POWER(ROUND(Tablo1[[#This Row],[Axc mm22]],-1),0.2)/POWER(Tablo2[[#This Row],[Tensile Mpa]],0.9) | AN41: =IF(40*Tablo2[[#This Row],[Et Kalınlığı 3]]<485,Tablo2[[#This Row],[Et Kalınlığı ]]*40,485) | AO41: =1940*POWER(ROUND(Tablo1[[#This Row],[Axc mm23]],-1),0.2)/POWER(Tablo2[[#This Row],[Tensile Mpa]],0.9) | AP41: =IF(40*Tablo2[[#This Row],[Et Kalınlığı 4]]<485,Tablo2[[#This Row],[Et Kalınlığı 4]]*40,485) | AQ41: =1940*POWER(ROUND(Tablo1[[#This Row],[Axc mm24]],-1),0.2)/POWER(Tablo2[[#This Row],[Tensile Mpa]],0.9) | AR41: =IF(40*Tablo2[[#This Row],[Et Kalınlığı 5]]<485,Tablo2[[#This Row],[Et Kalınlığı 4]]*40,485) | AS41: =1940*POWER(ROUND(Tablo1[[#This Row],[Axc mm25]],-1),0.2)/POWER(Tablo2[[#This Row],[Tensile Mpa]],0.9)
B42: 32" | C42: 813 | D42: X65 | E42: 65300 | F42: 535 | G42: 9.53 | H42: =2*Tablo2[[#This Row],[SMYS Psi]]*Tablo2[[#This Row],[Et Kalınlığı ]]/Tablo2[[#This Row],[ÇAP mm]]/14.50377 | I42: 11.91 | J42: =2*Tablo2[[#This Row],[SMYS Psi]]*Tablo2[[#This Row],[Et Kalınlığı 2]]/Tablo2[[#This Row],[ÇAP mm]]/14.50377 | K42: 14.27 | L42: =2*Tablo2[[#This Row],[SMYS Psi]]*Tablo2[[#This Row],[Et Kalınlığı 3]]/Tablo2[[#This Row],[ÇAP mm]]/14.50377 | M42: 15.88 | N42: =2*Tablo2[[#This Row],[SMYS Psi]]*Tablo2[[#This Row],[Et Kalınlığı 4]]/Tablo2[[#This Row],[ÇAP mm]]/14.50377 | O42: 17.48 | P42: =2*Tablo2[[#This Row],[SMYS Psi]]*Tablo2[[#This Row],[Et Kalınlığı 5]]/Tablo2[[#This Row],[ÇAP mm]]/14.50377 | Q42: =Tablo2[[#This Row],[ÇAP mm]]+1.6 | R42: =Tablo2[[#This Row],[ÇAP mm]]-1.6 | S42: =IF(Tablo2[[#This Row],[ÇAP mm]]*0.005-4<0,Tablo2[[#This Row],[ÇAP mm]]*1.005,Tablo2[[#This Row],[ÇAP mm]]+4) | T42: =IF(Tablo2[[#This Row],[ÇAP mm]]*0.005-4<0,Tablo2[[#This Row],[ÇAP mm]]*0.995,Tablo2[[#This Row],[ÇAP mm]]-4) | U42: =Tablo2[[#This Row],[ÇAP mm]]/Tablo2[[#This Row],[Et Kalınlığı ]] | V42: =Tablo2[[#This Row],[ÇAP mm]]/Tablo2[[#This Row],[Et Kalınlığı 2]] | W42: =Tablo2[[#This Row],[ÇAP mm]]/Tablo2[[#This Row],[Et Kalınlığı 3]] | X42: =Tablo2[[#This Row],[ÇAP mm]]/Tablo2[[#This Row],[Et Kalınlığı 4]] | Y42: =Tablo2[[#This Row],[ÇAP mm]]/Tablo2[[#This Row],[Et Kalınlığı 5]] | Z42: =IF(Tablo2[[#This Row],[ÇAP mm]]/Tablo2[[#This Row],[Et Kalınlığı ]]<75,Tablo2[[#This Row],[ÇAP mm]]*0.01/2,"Anlaşmaya bağlıdır.") | AA42: =IF(Tablo2[[#This Row],[ÇAP mm]]/Tablo2[[#This Row],[Et Kalınlığı ]]<75,Tablo2[[#This Row],[ÇAP mm]]*0.015/2,"Anlaşmaya bağlıdır.") | AB42: =IF(Tablo2[[#This Row],[ÇAP mm]]/Tablo2[[#This Row],[Et Kalınlığı 2]]<75,Tablo2[[#This Row],[ÇAP mm]]*0.01/2,"Anlaşmaya bağlıdır.") | AC42: =IF(Tablo2[[#This Row],[ÇAP mm]]/Tablo2[[#This Row],[Et Kalınlığı 2]]<75,Tablo2[[#This Row],[ÇAP mm]]*0.015,"Anlaşmaya bağlıdır.") | AD42: =IF(Tablo2[[#This Row],[ÇAP mm]]/Tablo2[[#This Row],[Et Kalınlığı 3]]<75,Tablo2[[#This Row],[ÇAP mm]]*0.01/2,"Anlaşmaya bağlıdır.") | AE42: =IF(Tablo2[[#This Row],[ÇAP mm]]/Tablo2[[#This Row],[Et Kalınlığı 3]]<75,Tablo2[[#This Row],[ÇAP mm]]*0.015,"Anlaşmaya bağlıdır.") | AF42: =IF(Tablo2[[#This Row],[ÇAP mm]]/Tablo2[[#This Row],[Et Kalınlığı 4]]<75,Tablo2[[#This Row],[ÇAP mm]]*0.015/2,"Anlaşmaya bağlıdır.") | AG42: =IF(Tablo2[[#This Row],[ÇAP mm]]/Tablo2[[#This Row],[Et Kalınlığı 4]]<75,Tablo2[[#This Row],[ÇAP mm]]*0.015,"Anlaşmaya bağlıdır.") | AH42: =IF(Tablo2[[#This Row],[ÇAP mm]]/Tablo2[[#This Row],[Et Kalınlığı 4]]<75,Tablo2[[#This Row],[ÇAP mm]]*0.015/2,"Anlaşmaya bağlıdır.") | AI42: =IF(Tablo2[[#This Row],[ÇAP mm]]/Tablo2[[#This Row],[Et Kalınlığı 5]]<75,Tablo2[[#This Row],[ÇAP mm]]*0.015,"Anlaşmaya bağlıdır.") | AJ42: =IF(40*Tablo2[[#This Row],[Et Kalınlığı ]]<485,Tablo2[[#This Row],[Et Kalınlığı ]]*40,485) | AK42: =1940*POWER(ROUND(AJ42,-1),0.2)/POWER(Tablo2[[#This Row],[Tensile Mpa]],0.9) | AL42: =IF(40*Tablo2[[#This Row],[Et Kalınlığı 2]]<485,Tablo2[[#This Row],[Et Kalınlığı ]]*40,485) | AM42: =1940*POWER(ROUND(Tablo1[[#This Row],[Axc mm22]],-1),0.2)/POWER(Tablo2[[#This Row],[Tensile Mpa]],0.9) | AN42: =IF(40*Tablo2[[#This Row],[Et Kalınlığı 3]]<485,Tablo2[[#This Row],[Et Kalınlığı ]]*40,485) | AO42: =1940*POWER(ROUND(Tablo1[[#This Row],[Axc mm23]],-1),0.2)/POWER(Tablo2[[#This Row],[Tensile Mpa]],0.9) | AP42: =IF(40*Tablo2[[#This Row],[Et Kalınlığı 4]]<485,Tablo2[[#This Row],[Et Kalınlığı 4]]*40,485) | AQ42: =1940*POWER(ROUND(Tablo1[[#This Row],[Axc mm24]],-1),0.2)/POWER(Tablo2[[#This Row],[Tensile Mpa]],0.9) | AR42: =IF(40*Tablo2[[#This Row],[Et Kalınlığı 5]]<485,Tablo2[[#This Row],[Et Kalınlığı 4]]*40,485) | AS42: =1940*POWER(ROUND(Tablo1[[#This Row],[Axc mm25]],-1),0.2)/POWER(Tablo2[[#This Row],[Tensile Mpa]],0.9)
B43: 34" | C43: 864 | D43: X65 | E43: 65300 | F43: 535 | G43: 10.31 | H43: =2*Tablo2[[#This Row],[SMYS Psi]]*Tablo2[[#This Row],[Et Kalınlığı ]]/Tablo2[[#This Row],[ÇAP mm]]/14.50377 | I43: 12.7 | J43: =2*Tablo2[[#This Row],[SMYS Psi]]*Tablo2[[#This Row],[Et Kalınlığı 2]]/Tablo2[[#This Row],[ÇAP mm]]/14.50377 | K43: 15.88 | L43: =2*Tablo2[[#This Row],[SMYS Psi]]*Tablo2[[#This Row],[Et Kalınlığı 3]]/Tablo2[[#This Row],[ÇAP mm]]/14.50377 | M43: 15.88 | N43: =2*Tablo2[[#This Row],[SMYS Psi]]*Tablo2[[#This Row],[Et Kalınlığı 4]]/Tablo2[[#This Row],[ÇAP mm]]/14.50377 | O43: 17.48 | P43: =2*Tablo2[[#This Row],[SMYS Psi]]*Tablo2[[#This Row],[Et Kalınlığı 5]]/Tablo2[[#This Row],[ÇAP mm]]/14.50377 | Q43: =Tablo2[[#This Row],[ÇAP mm]]+1.6 | R43: =Tablo2[[#This Row],[ÇAP mm]]-1.6 | S43: =IF(Tablo2[[#This Row],[ÇAP mm]]*0.005-4<0,Tablo2[[#This Row],[ÇAP mm]]*1.005,Tablo2[[#This Row],[ÇAP mm]]+4) | T43: =IF(Tablo2[[#This Row],[ÇAP mm]]*0.005-4<0,Tablo2[[#This Row],[ÇAP mm]]*0.995,Tablo2[[#This Row],[ÇAP mm]]-4) | U43: =Tablo2[[#This Row],[ÇAP mm]]/Tablo2[[#This Row],[Et Kalınlığı ]] | V43: =Tablo2[[#This Row],[ÇAP mm]]/Tablo2[[#This Row],[Et Kalınlığı 2]] | W43: =Tablo2[[#This Row],[ÇAP mm]]/Tablo2[[#This Row],[Et Kalınlığı 3]] | X43: =Tablo2[[#This Row],[ÇAP mm]]/Tablo2[[#This Row],[Et Kalınlığı 4]] | Y43: =Tablo2[[#This Row],[ÇAP mm]]/Tablo2[[#This Row],[Et Kalınlığı 5]] | Z43: =IF(Tablo2[[#This Row],[ÇAP mm]]/Tablo2[[#This Row],[Et Kalınlığı ]]<75,Tablo2[[#This Row],[ÇAP mm]]*0.01/2,"Anlaşmaya bağlıdır.") | AA43: =IF(Tablo2[[#This Row],[ÇAP mm]]/Tablo2[[#This Row],[Et Kalınlığı ]]<75,Tablo2[[#This Row],[ÇAP mm]]*0.015/2,"Anlaşmaya bağlıdır.") | AB43: =IF(Tablo2[[#This Row],[ÇAP mm]]/Tablo2[[#This Row],[Et Kalınlığı 2]]<75,Tablo2[[#This Row],[ÇAP mm]]*0.01/2,"Anlaşmaya bağlıdır.") | AC43: =IF(Tablo2[[#This Row],[ÇAP mm]]/Tablo2[[#This Row],[Et Kalınlığı 2]]<75,Tablo2[[#This Row],[ÇAP mm]]*0.015,"Anlaşmaya bağlıdır.") | AD43: =IF(Tablo2[[#This Row],[ÇAP mm]]/Tablo2[[#This Row],[Et Kalınlığı 3]]<75,Tablo2[[#This Row],[ÇAP mm]]*0.01/2,"Anlaşmaya bağlıdır.") | AE43: =IF(Tablo2[[#This Row],[ÇAP mm]]/Tablo2[[#This Row],[Et Kalınlığı 3]]<75,Tablo2[[#This Row],[ÇAP mm]]*0.015,"Anlaşmaya bağlıdır.") | AF43: =IF(Tablo2[[#This Row],[ÇAP mm]]/Tablo2[[#This Row],[Et Kalınlığı 4]]<75,Tablo2[[#This Row],[ÇAP mm]]*0.015/2,"Anlaşmaya bağlıdır.") | AG43: =IF(Tablo2[[#This Row],[ÇAP mm]]/Tablo2[[#This Row],[Et Kalınlığı 4]]<75,Tablo2[[#This Row],[ÇAP mm]]*0.015,"Anlaşmaya bağlıdır.") | AH43: =IF(Tablo2[[#This Row],[ÇAP mm]]/Tablo2[[#This Row],[Et Kalınlığı 4]]<75,Tablo2[[#This Row],[ÇAP mm]]*0.015/2,"Anlaşmaya bağlıdır.") | AI43: =IF(Tablo2[[#This Row],[ÇAP mm]]/Tablo2[[#This Row],[Et Kalınlığı 5]]<75,Tablo2[[#This Row],[ÇAP mm]]*0.015,"Anlaşmaya bağlıdır.") | AJ43: =IF(40*Tablo2[[#This Row],[Et Kalınlığı ]]<485,Tablo2[[#This Row],[Et Kalınlığı ]]*40,485) | AK43: =1940*POWER(ROUND(AJ43,-1),0.2)/POWER(Tablo2[[#This Row],[Tensile Mpa]],0.9) | AL43: =IF(40*Tablo2[[#This Row],[Et Kalınlığı 2]]<485,Tablo2[[#This Row],[Et Kalınlığı ]]*40,485) | AM43: =1940*POWER(ROUND(Tablo1[[#This Row],[Axc mm22]],-1),0.2)/POWER(Tablo2[[#This Row],[Tensile Mpa]],0.9) | AN43: =IF(40*Tablo2[[#This Row],[Et Kalınlığı 3]]<485,Tablo2[[#This Row],[Et Kalınlığı ]]*40,485) | AO43: =1940*POWER(ROUND(Tablo1[[#This Row],[Axc mm23]],-1),0.2)/POWER(Tablo2[[#This Row],[Tensile Mpa]],0.9) | AP43: =IF(40*Tablo2[[#This Row],[Et Kalınlığı 4]]<485,Tablo2[[#This Row],[Et Kalınlığı 4]]*40,485) | AQ43: =1940*POWER(ROUND(Tablo1[[#This Row],[Axc mm24]],-1),0.2)/POWER(Tablo2[[#This Row],[Tensile Mpa]],0.9) | AR43: =IF(40*Tablo2[[#This Row],[Et Kalınlığı 5]]<485,Tablo2[[#This Row],[Et Kalınlığı 4]]*40,485) | AS43: =1940*POWER(ROUND(Tablo1[[#This Row],[Axc mm25]],-1),0.2)/POWER(Tablo2[[#This Row],[Tensile Mpa]],0.9)
